www.psf.gov.jo,صندوق توفير البريد,Jordan Postal Saving Fund
isa.psf.gov.jo,صندوق توفير البريد,Jordan Postal Saving Fund
mx01.psf.gov.jo,صندوق توفير البريد,Jordan Postal Saving Fund
mx02.psf.gov.jo,صندوق توفير البريد,Jordan Postal Saving Fund
www.mof.gov.jo,وزارة المالية,Ministry of Finance
mx01.mof.gov.jo,وزارة المالية,Ministry of Finance
mx02.mof.gov.jo,وزارة المالية,Ministry of Finance
ptp.mof.gov.jo,وزارة المالية,Ministry of Finance
mola.ptp.mof.gov.jo,وزارة المالية,Ministry of Finance
www.mola.ptp.mof.gov.jo,وزارة المالية,Ministry of Finance
ptpapp.mof.gov.jo,وزارة المالية,Ministry of Finance
www.caqatvet.gov.jo,مركز الاعتماد و ضبط الجوده - مجلس التشغيل و التعليم و التدريب المهني والتقني,Accreditation and Quality Control Center
www.acc.gov.jo,مؤسسة الأقراض الزراعي,Agricultural Credit Corporation
mail.acc.gov.jo,مؤسسة الأقراض الزراعي,Agricultural Credit Corporation
mx01.acc.gov.jo,مؤسسة الأقراض الزراعي,Agricultural Credit Corporation
mx02.acc.gov.jo,مؤسسة الأقراض الزراعي,Agricultural Credit Corporation
www.alhassan-yc.gov.jo,مدينة الحسن للشباب,Al-Hasan Youth City
www.hm.gov.jo,بلدية الهاشمية الجديدة,Al-Hashmiya Al-Jadeda Municipality
mx01.hm.gov.jo,بلدية الهاشمية الجديدة,Al-Hashmiya Al-Jadeda Municipality
mx02.hm.gov.jo,بلدية الهاشمية الجديدة,Al-Hashmiya Al-Jadeda Municipality
www.youthcity.gov.jo,مدينة الحسين للشباب,Al-Hussein Youth City
mail.youthcity.gov.jo,مدينة الحسين للشباب,Al-Hussein Youth City
mx01.youthcity.gov.jo,مدينة الحسين للشباب,Al-Hussein Youth City
mx02.youthcity.gov.jo,مدينة الحسين للشباب,Al-Hussein Youth City
www.aljeeza.gov.jo,بلدية الجيزة الجديدة,Al-Jiza New Municipality
autodiscover.aljeeza.gov.jo,بلدية الجيزة الجديدة,Al-Jiza New Municipality
cpanel.aljeeza.gov.jo,بلدية الجيزة الجديدة,Al-Jiza New Municipality
cpcalendars.aljeeza.gov.jo,بلدية الجيزة الجديدة,Al-Jiza New Municipality
cpcontacts.aljeeza.gov.jo,بلدية الجيزة الجديدة,Al-Jiza New Municipality
mail.aljeeza.gov.jo,بلدية الجيزة الجديدة,Al-Jiza New Municipality
webdisk.aljeeza.gov.jo,بلدية الجيزة الجديدة,Al-Jiza New Municipality
webmail.aljeeza.gov.jo,بلدية الجيزة الجديدة,Al-Jiza New Municipality
www.xbrljordan.gov.jo,ِشركة بورصة عمان,Amman Stock Exchange
www.amlu.gov.jo,وحدة مكافحة غسل الأموال وتمويل الإرهاب,Anti Money Laundering Unit
goaml.amlu.gov.jo,وحدة مكافحة غسل الأموال وتمويل الإرهاب,Anti Money Laundering Unit
mail.amlu.gov.jo,وحدة مكافحة غسل الأموال وتمويل الإرهاب,Anti Money Laundering Unit
mail1.amlu.gov.jo,وحدة مكافحة غسل الأموال وتمويل الإرهاب,Anti Money Laundering Unit
mail2.amlu.gov.jo,وحدة مكافحة غسل الأموال وتمويل الإرهاب,Anti Money Laundering Unit
www.aqabaports.gov.jo,شركة العقبة لإدارة وتشغيل الموانئ,Aqaba Company for Ports Operations and Managment
mail.aqabaports.gov.jo,شركة العقبة لإدارة وتشغيل الموانئ,Aqaba Company for Ports Operations and Managment
www.arc.gov.jo,مؤسسة سكة حديد العقبة,Aqapa Railway Corporation
mail.arc.gov.jo,مؤسسة سكة حديد العقبة,Aqapa Railway Corporation
mx01.arc.gov.jo,مؤسسة سكة حديد العقبة,Aqapa Railway Corporation
mx02.arc.gov.jo,مؤسسة سكة حديد العقبة,Aqapa Railway Corporation
www.ab.gov.jo,ديوان المحاسبة,Audit Bureau
mail.ab.gov.jo,ديوان المحاسبة,Audit Bureau
mx01.ab.gov.jo,ديوان المحاسبة,Audit Bureau
mx02.ab.gov.jo,ديوان المحاسبة,Audit Bureau
mx3.ab.gov.jo,ديوان المحاسبة,Audit Bureau
www.audit-bureau.gov.jo,ديوان المحاسبة,Audit Bureau
www.apdc.gov.jo,مؤسسة تنمية أموال الأوقاف,Awqaf Properties Development Department
mail.apdc.gov.jo,مؤسسة تنمية أموال الأوقاف,Awqaf Properties Development Department
mx01.apdc.gov.jo,مؤسسة تنمية أموال الأوقاف,Awqaf Properties Development Department
mx02.apdc.gov.jo,مؤسسة تنمية أموال الأوقاف,Awqaf Properties Development Department
www.cbj.gov.jo,البنك المركزي الأردني,Central Bank of Jordan
ADFS.cbj.gov.jo,البنك المركزي الأردني,Central Bank of Jordan
adfs.cbj.gov.jo,البنك المركزي الأردني,Central Bank of Jordan
admin.cbj.gov.jo,البنك المركزي الأردني,Central Bank of Jordan
dialin.cbj.gov.jo,البنك المركزي الأردني,Central Bank of Jordan
ebanking.cbj.gov.jo,البنك المركزي الأردني,Central Bank of Jordan
ebankingtest.cbj.gov.jo,البنك المركزي الأردني,Central Bank of Jordan
fils.cbj.gov.jo,البنك المركزي الأردني,Central Bank of Jordan
fils1.cbj.gov.jo,البنك المركزي الأردني,Central Bank of Jordan
iban.cbj.gov.jo,البنك المركزي الأردني,Central Bank of Jordan
individualsecurities.cbj.gov.jo,البنك المركزي الأردني,Central Bank of Jordan
jobapp.cbj.gov.jo,البنك المركزي الأردني,Central Bank of Jordan
lyncdiscover.cbj.gov.jo,البنك المركزي الأردني,Central Bank of Jordan
lyncdiscoverinternal.cbj.gov.jo,البنك المركزي الأردني,Central Bank of Jordan
mail.cbj.gov.jo,البنك المركزي الأردني,Central Bank of Jordan
meet.cbj.gov.jo,البنك المركزي الأردني,Central Bank of Jordan
mms.cbj.gov.jo,البنك المركزي الأردني,Central Bank of Jordan
mx01.cbj.gov.jo,البنك المركزي الأردني,Central Bank of Jordan
mx02.cbj.gov.jo,البنك المركزي الأردني,Central Bank of Jordan
mx03.cbj.gov.jo,البنك المركزي الأردني,Central Bank of Jordan
mx4.cbj.gov.jo,البنك المركزي الأردني,Central Bank of Jordan
ns1.cbj.gov.jo,البنك المركزي الأردني,Central Bank of Jordan
ns2.cbj.gov.jo,البنك المركزي الأردني,Central Bank of Jordan
office.cbj.gov.jo,البنك المركزي الأردني,Central Bank of Jordan
sib.cbj.gov.jo,البنك المركزي الأردني,Central Bank of Jordan
www.sib.cbj.gov.jo,البنك المركزي الأردني,Central Bank of Jordan
sip.cbj.gov.jo,البنك المركزي الأردني,Central Bank of Jordan
www.sip.cbj.gov.jo,البنك المركزي الأردني,Central Bank of Jordan
srv-edge.cbj.gov.jo,البنك المركزي الأردني,Central Bank of Jordan
srv-lync.cbj.gov.jo,البنك المركزي الأردني,Central Bank of Jordan
www.srv-lync.cbj.gov.jo,البنك المركزي الأردني,Central Bank of Jordan
sslvpn.cbj.gov.jo,البنك المركزي الأردني,Central Bank of Jordan
statisticaldb.cbj.gov.jo,البنك المركزي الأردني,Central Bank of Jordan
web.cbj.gov.jo,البنك المركزي الأردني,Central Bank of Jordan
webmail.cbj.gov.jo,البنك المركزي الأردني,Central Bank of Jordan
webtest.cbj.gov.jo,البنك المركزي الأردني,Central Bank of Jordan
www.cvdb.gov.jo,بنك تنمية المدن والقرى,Cities and Villages Development Bank
mail.cvdb.gov.jo,بنك تنمية المدن والقرى,Cities and Villages Development Bank
mx01.cvdb.gov.jo,بنك تنمية المدن والقرى,Cities and Villages Development Bank
mx02.cvdb.gov.jo,بنك تنمية المدن والقرى,Cities and Villages Development Bank
www.citizensearch-cspd.gov.jo,دائرة الاحوال المدنية والجوازات,Civil and Citizenship Department
www.carc.gov.jo,هيئة تنظيم الطيران المدني,Civil Aviation Regulatory Commission
cpanel.carc.gov.jo,هيئة تنظيم الطيران المدني,Civil Aviation Regulatory Commission
cpcalendars.carc.gov.jo,هيئة تنظيم الطيران المدني,Civil Aviation Regulatory Commission
cpcontacts.carc.gov.jo,هيئة تنظيم الطيران المدني,Civil Aviation Regulatory Commission
mail.carc.gov.jo,هيئة تنظيم الطيران المدني,Civil Aviation Regulatory Commission
mx01.carc.gov.jo,هيئة تنظيم الطيران المدني,Civil Aviation Regulatory Commission
mx02.carc.gov.jo,هيئة تنظيم الطيران المدني,Civil Aviation Regulatory Commission
webdisk.carc.gov.jo,هيئة تنظيم الطيران المدني,Civil Aviation Regulatory Commission
webmail.carc.gov.jo,هيئة تنظيم الطيران المدني,Civil Aviation Regulatory Commission
www.cdd.gov.jo,الدفاع المدني,Civil Defense Directorate
cddis.cdd.gov.jo,الدفاع المدني,Civil Defense Directorate
mail.cdd.gov.jo,الدفاع المدني,Civil Defense Directorate
webstats.cdd.gov.jo,الدفاع المدني,Civil Defense Directorate
www.jsrt.gov.jo,المديرية العامة للدفاع المدني,Civil Defense Directorate
www.csb.gov.jo,ديوان الخدمة المدنية,Civil Service Bureau
archive.csb.gov.jo,ديوان الخدمة المدنية,Civil Service Bureau
conference.csb.gov.jo,ديوان الخدمة المدنية,Civil Service Bureau
csb-ejob.csb.gov.jo,ديوان الخدمة المدنية,Civil Service Bureau
elibrary.csb.gov.jo,ديوان الخدمة المدنية,Civil Service Bureau
enq-sys.csb.gov.jo,ديوان الخدمة المدنية,Civil Service Bureau
excellence.csb.gov.jo,ديوان الخدمة المدنية,Civil Service Bureau
hds.csb.gov.jo,ديوان الخدمة المدنية,Civil Service Bureau
hrmis.csb.gov.jo,ديوان الخدمة المدنية,Civil Service Bureau
infinitelv.csb.gov.jo,ديوان الخدمة المدنية,Civil Service Bureau
infinitelv2.csb.gov.jo,ديوان الخدمة المدنية,Civil Service Bureau
infinitelv3.csb.gov.jo,ديوان الخدمة المدنية,Civil Service Bureau
knowledge.csb.gov.jo,ديوان الخدمة المدنية,Civil Service Bureau
mx01.csb.gov.jo,ديوان الخدمة المدنية,Civil Service Bureau
mx02.csb.gov.jo,ديوان الخدمة المدنية,Civil Service Bureau
nchrd.csb.gov.jo,ديوان الخدمة المدنية,Civil Service Bureau
nchrd2.csb.gov.jo,ديوان الخدمة المدنية,Civil Service Bureau
portal.csb.gov.jo,ديوان الخدمة المدنية,Civil Service Bureau
questionnair.csb.gov.jo,ديوان الخدمة المدنية,Civil Service Bureau
tasweeq.csb.gov.jo,ديوان الخدمة المدنية,Civil Service Bureau
cat3.csb.gov.jo:8888,ديوان الخدمة المدنية,Civil Service Bureau
www.csb2.gov.jo,ديوان الخدمة المدنية,Civil Service Bureau
complaints.csb2.gov.jo,ديوان الخدمة المدنية,Civil Service Bureau
employeeinfo.csb2.gov.jo,ديوان الخدمة المدنية,Civil Service Bureau
empreq.csb2.gov.jo,ديوان الخدمة المدنية,Civil Service Bureau
www.jcscc.gov.jo,المؤسسة الإستهلاكية المدنية,Civil Service Consumer Corporation
mail.jcscc.gov.jo,المؤسسة الإستهلاكية المدنية,Civil Service Consumer Corporation
mx01.jcscc.gov.jo,المؤسسة الإستهلاكية المدنية,Civil Service Consumer Corporation
mx02.jcscc.gov.jo,المؤسسة الإستهلاكية المدنية,Civil Service Consumer Corporation
services.jcscc.gov.jo,المؤسسة الإستهلاكية المدنية,Civil Service Consumer Corporation
services.jcscc.gov.jo:8090,المؤسسة الإستهلاكية المدنية,Civil Service Consumer Corporation
www.cspd.gov.jo,دائرة الاحوال المدنية والجوازات,Civil Status and passport Department
en.cspd.gov.jo,دائرة الاحوال المدنية والجوازات,Civil Status and passport Department
eservice.cspd.gov.jo,دائرة الاحوال المدنية والجوازات,Civil Status and passport Department
eservices.cspd.gov.jo,دائرة الاحوال المدنية والجوازات,Civil Status and passport Department
www.eservices.cspd.gov.jo,دائرة الاحوال المدنية والجوازات,Civil Status and passport Department
mx01.cspd.gov.jo,دائرة الاحوال المدنية والجوازات,Civil Status and passport Department
mx02.cspd.gov.jo,دائرة الاحوال المدنية والجوازات,Civil Status and passport Department
mx1.cspd.gov.jo,دائرة الاحوال المدنية والجوازات,Civil Status and passport Department
mx2.cspd.gov.jo,دائرة الاحوال المدنية والجوازات,Civil Status and passport Department
mx3.cspd.gov.jo,دائرة الاحوال المدنية والجوازات,Civil Status and passport Department
stagingmendix.cspd.gov.jo,دائرة الاحوال المدنية والجوازات,Civil Status and passport Department
www.stagingmendix.cspd.gov.jo,دائرة الاحوال المدنية والجوازات,Civil Status and passport Department
eservice-cspd.gov.jo,دائرة الاحوال المدنية والجوازات,Civil Status and passport Department
www.eservice-cspd.gov.jo,دائرة الاحوال المدنية والجوازات,Civil Status and passport Department
www.eservice-cspd.gov.jo,دائرة الاحوال المدنية والجوازات,Civil Status and passport Department
www.cspd-eservice.gov.jo,دائرة الاحوال المدنية والجوازات,Civil Status and passport Department
www.ccd.gov.jo,دائرة مراقبة الشركات,Companies Control Department
crx.ccd.gov.jo,دائرة مراقبة الشركات,Companies Control Department
eservices.ccd.gov.jo,دائرة مراقبة الشركات,Companies Control Department
mx01.ccd.gov.jo,دائرة مراقبة الشركات,Companies Control Department
mx02.ccd.gov.jo,دائرة مراقبة الشركات,Companies Control Department
mx3.ccd.gov.jo,دائرة مراقبة الشركات,Companies Control Department
newsite.ccd.gov.jo,دائرة مراقبة الشركات,Companies Control Department
portal.ccd.gov.jo,دائرة مراقبة الشركات,Companies Control Department
idmenabler.portal.ccd.gov.jo,دائرة مراقبة الشركات,Companies Control Department
www.idmenabler.portal.ccd.gov.jo,دائرة مراقبة الشركات,Companies Control Department
www.cco.gov.jo,المحكمة الدستورية,Constituitional Court
mx01.cco.gov.jo,المحكمة الدستورية,Constituitional Court
mx02.cco.gov.jo,المحكمة الدستورية,Constituitional Court
mx1.cco.gov.jo,المحكمة الدستورية,Constituitional Court
mx2.cco.gov.jo,المحكمة الدستورية,Constituitional Court
mx3.cco.gov.jo,المحكمة الدستورية,Constituitional Court
www.ccss.gov.jo,الهيئة التنسيقية للتكافل الإجتماعي,Coordination Commission for Social Solidarity
mail.ccss.gov.jo,الهيئة التنسيقية للتكافل الإجتماعي,Coordination Commission for Social Solidarity
www.dam.gov.jo,متحف دار السرايا,Dar Alsaraya Museum
www.deirallacity.gov.jo,بلدية دير علا الجديدة,Deir Alla Municipality
mail.deirallacity.gov.jo,بلدية دير علا الجديدة,Deir Alla Municipality
mx01.deirallacity.gov.jo,بلدية دير علا الجديدة,Deir Alla Municipality
mx02.deirallacity.gov.jo,بلدية دير علا الجديدة,Deir Alla Municipality
www.dpa.gov.jo,دائرة الشؤون الفلسطينية,Departement of Palestinian Affairs
mx01.dpa.gov.jo,دائرة الشؤون الفلسطينية,Departement of Palestinian Affairs
mx02.dpa.gov.jo,دائرة الشؤون الفلسطينية,Departement of Palestinian Affairs
mx1.dpa.gov.jo,دائرة الشؤون الفلسطينية,Departement of Palestinian Affairs
mx2.dpa.gov.jo,دائرة الشؤون الفلسطينية,Departement of Palestinian Affairs
mx3.dpa.gov.jo,دائرة الشؤون الفلسطينية,Departement of Palestinian Affairs
www.dls.gov.jo,دائرة الاراضي والمساحة,Department of Lands and Survey
changestatment.dls.gov.jo,دائرة الاراضي والمساحة,Department of Lands and Survey
eservices.dls.gov.jo,دائرة الاراضي والمساحة,Department of Lands and Survey
esrv-test.dls.gov.jo,دائرة الاراضي والمساحة,Department of Lands and Survey
home-eservices.dls.gov.jo,دائرة الاراضي والمساحة,Department of Lands and Survey
maps.dls.gov.jo,دائرة الاراضي والمساحة,Department of Lands and Survey
mx01.dls.gov.jo,دائرة الاراضي والمساحة,Department of Lands and Survey
mx02.dls.gov.jo,دائرة الاراضي والمساحة,Department of Lands and Survey
mx1.dls.gov.jo,دائرة الاراضي والمساحة,Department of Lands and Survey
mx2.dls.gov.jo,دائرة الاراضي والمساحة,Department of Lands and Survey
mx3.dls.gov.jo,دائرة الاراضي والمساحة,Department of Lands and Survey
www-test.dls.gov.jo,دائرة الاراضي والمساحة,Department of Lands and Survey
www.dos.gov.jo,دائرة الإحصاءات العامة,Department of Statistics
census.dos.gov.jo,دائرة الإحصاءات العامة,Department of Statistics
dosweb.dos.gov.jo,دائرة الإحصاءات العامة,Department of Statistics
gis-web.dos.gov.jo,دائرة الإحصاءات العامة,Department of Statistics
gisweb.dos.gov.jo,دائرة الإحصاءات العامة,Department of Statistics
jorinfo.dos.gov.jo,دائرة الإحصاءات العامة,Department of Statistics
jotiis.dos.gov.jo,دائرة الإحصاءات العامة,Department of Statistics
mail.dos.gov.jo,دائرة الإحصاءات العامة,Department of Statistics
metadata.dos.gov.jo,دائرة الإحصاءات العامة,Department of Statistics
mx01.dos.gov.jo,دائرة الإحصاءات العامة,Department of Statistics
mx02.dos.gov.jo,دائرة الإحصاءات العامة,Department of Statistics
web.dos.gov.jo,دائرة الإحصاءات العامة,Department of Statistics
gisweb.dos.gov.jo:3001,دائرة الإحصاءات العامة,Department of Statistics
www.doa.gov.jo,دائرة الأثار العامة,Department of Antiquities
mx01.doa.gov.jo,دائرة الأثار العامة,Department of Antiquities
mx02.doa.gov.jo,دائرة الأثار العامة,Department of Antiquities
mx1.doa.gov.jo,دائرة الأثار العامة,Department of Antiquities
mx2.doa.gov.jo,دائرة الأثار العامة,Department of Antiquities
mx3.doa.gov.jo,دائرة الأثار العامة,Department of Antiquities
publication.doa.gov.jo,دائرة الأثار العامة,Department of Antiquities
www.hajj.gov.jo,دائرة الحج والعمرة,Department of Hajj and Umrah
mail.hajj.gov.jo,دائرة الحج والعمرة,Department of Hajj and Umrah
mx01.hajj.gov.jo,دائرة الحج والعمرة,Department of Hajj and Umrah
www.dsamohe.gov.jo,مديرية البعثات والاتفاقيات,Department of scholarships
www.nl.gov.jo,دائرة المكتبة الوطنية,Department of the National Library
adlibweb.nl.gov.jo,دائرة المكتبة الوطنية,Department of the National Library
mx01.nl.gov.jo,دائرة المكتبة الوطنية,Department of the National Library
mx02.nl.gov.jo,دائرة المكتبة الوطنية,Department of the National Library
opac.nl.gov.jo,دائرة المكتبة الوطنية,Department of the National Library
www.def.gov.jo,صندوق التنمية والتشغيل,‎Development and Employment Fund
mx01.def.gov.jo,صندوق التنمية والتشغيل,‎Development and Employment Fund
mx02.def.gov.jo,صندوق التنمية والتشغيل,‎Development and Employment Fund
mx1.def.gov.jo,صندوق التنمية والتشغيل,‎Development and Employment Fund
mx2.def.gov.jo,صندوق التنمية والتشغيل,‎Development and Employment Fund
mx3.def.gov.jo,صندوق التنمية والتشغيل,‎Development and Employment Fund
www.mohps.gov.jo,مديرية المشتريات والتزويد / وزارة الصحة,Directorate of Procurement and Supply / Ministry of Health
www.dcd.gov.jo,مديرية رقابة الأمراض,Disease Directorate Control
www.dvld.gov.jo,دائرة ترخيص المركبات,Drivers and Vehicles License Department
www.dvldtest.dvld.gov.jo,دائرة ترخيص المركبات,Drivers and Vehicles License Department
mail.dvld.gov.jo,دائرة ترخيص المركبات,Drivers and Vehicles License Department
mx01.dvld.gov.jo,دائرة ترخيص المركبات,Drivers and Vehicles License Department
mx02.dvld.gov.jo,دائرة ترخيص المركبات,Drivers and Vehicles License Department
www.jordanembassyankara.gov.jo,سفارة الأردن في أنقرة,Embassy of Jordan in Ankara
www.jordankorea.gov.jo,سفارة الأردن في جمهورية كوريا,Embassy of Jordan in the Republic of Korea
mx01.tvetfund.gov.jo,صندوق التشغيل والتدريب والتعليم المهني والتقني,Employement Technical and Vocational and Training Fund
mx02.tvetfund.gov.jo,صندوق التشغيل والتدريب والتعليم المهني والتقني,Employement Technical and Vocational and Training Fund
www.etvetfund.gov.jo,صندوق التشغيل والتدريب والتعليم المهني والتقني,Employement Technical and Vocational and Training Fund
www.jnrc.gov.jo,هيئة تنظيم العمل الإشعاعي والنووي,Energy and Minerals Regulatory Commission
mail.jnrc.gov.jo,هيئة تنظيم العمل الإشعاعي والنووي,Energy and Minerals Regulatory Commission
www.emrc.gov.jo,هيئة تنظيم قطاع الطاقه والمعادن,Energy and Minerals Regulatory Commission
campaign.emrc.gov.jo,هيئة تنظيم قطاع الطاقه والمعادن,Energy and Minerals Regulatory Commission
gis.emrc.gov.jo,هيئة تنظيم قطاع الطاقه والمعادن,Energy and Minerals Regulatory Commission
www.gis.emrc.gov.jo,هيئة تنظيم قطاع الطاقه والمعادن,Energy and Minerals Regulatory Commission
mx01.emrc.gov.jo,هيئة تنظيم قطاع الطاقه والمعادن,Energy and Minerals Regulatory Commission
mx02.emrc.gov.jo,هيئة تنظيم قطاع الطاقه والمعادن,Energy and Minerals Regulatory Commission
www.dbe.gov.jo,مديرية الهندسة الطبية,Engineering Medical Management
mail.dbe.gov.jo,مديرية الهندسة الطبية,Engineering Medical Management
mail2.dbe.gov.jo,مديرية الهندسة الطبية,Engineering Medical Management
mx01.dbe.gov.jo,مديرية الهندسة الطبية,Engineering Medical Management
mx02.dbe.gov.jo,مديرية الهندسة الطبية,Engineering Medical Management
www.badiarp.gov.jo,برنامج التعويضات البيئية,Environmental Compensation Unit
mail.epc.gov.jo,الهيئة التنفيذية للتخاصية,Executive Privatization Commission
www.free-zones.gov.jo,مؤسسة المناطق الحرة,Free Zones Foundation
mail.free-zones.gov.jo,مؤسسة المناطق الحرة,Free Zones Foundation
manafestbck.free-zones.gov.jo,مؤسسة المناطق الحرة,Free Zones Foundation
mx01.free-zones.gov.jo,مؤسسة المناطق الحرة,Free Zones Foundation
mx02.free-zones.gov.jo,مؤسسة المناطق الحرة,Free Zones Foundation
workflowlgn.free-zones.gov.jo,مؤسسة المناطق الحرة,Free Zones Foundation
www.jfz.gov.jo,مؤسسة المناطق الحرة,Free Zones Foundation
mail.jfz.gov.jo,مؤسسة المناطق الحرة,Free Zones Foundation
www.environment.gov.jo,الهيئة العامة للحماية البيئية,General Authority for Environmental Protection
www.gbd.gov.jo,دائرة الموازنة العامة,General Budget Department
gbd2000srv.gbd.gov.jo,دائرة الموازنة العامة,General Budget Department
mx01.gbd.gov.jo,دائرة الموازنة العامة,General Budget Department
mx02.gbd.gov.jo,دائرة الموازنة العامة,General Budget Department
www.gid.gov.jo,دائرة المخابرات العامة,General Intelligence Department
SECGIDEFawatercom.gid.gov.jo,دائرة المخابرات العامة,General Intelligence Department
admin.gid.gov.jo,دائرة المخابرات العامة,General Intelligence Department
autodiscover.gid.gov.jo,دائرة المخابرات العامة,General Intelligence Department
cpanel.gid.gov.jo,دائرة المخابرات العامة,General Intelligence Department
cpcalendars.gid.gov.jo,دائرة المخابرات العامة,General Intelligence Department
cpcontacts.gid.gov.jo,دائرة المخابرات العامة,General Intelligence Department
dialin.gid.gov.jo,دائرة المخابرات العامة,General Intelligence Department
hqaccess.gid.gov.jo,دائرة المخابرات العامة,General Intelligence Department
hqav.gid.gov.jo,دائرة المخابرات العامة,General Intelligence Department
hqlyncwebext.gid.gov.jo,دائرة المخابرات العامة,General Intelligence Department
hqwebconf.gid.gov.jo,دائرة المخابرات العامة,General Intelligence Department
imap.gid.gov.jo,دائرة المخابرات العامة,General Intelligence Department
www.imap.gid.gov.jo,دائرة المخابرات العامة,General Intelligence Department
lyncdiscover.gid.gov.jo,دائرة المخابرات العامة,General Intelligence Department
mail.gid.gov.jo,دائرة المخابرات العامة,General Intelligence Department
meet.gid.gov.jo,دائرة المخابرات العامة,General Intelligence Department
mx1.gid.gov.jo,دائرة المخابرات العامة,General Intelligence Department
mx2.gid.gov.jo,دائرة المخابرات العامة,General Intelligence Department
sip.gid.gov.jo,دائرة المخابرات العامة,General Intelligence Department
tajneed.gid.gov.jo,دائرة المخابرات العامة,General Intelligence Department
www.tajneed.gid.gov.jo,دائرة المخابرات العامة,General Intelligence Department
temp.gid.gov.jo,دائرة المخابرات العامة,General Intelligence Department
www.temp.gid.gov.jo,دائرة المخابرات العامة,General Intelligence Department
webapps.gid.gov.jo,دائرة المخابرات العامة,General Intelligence Department
webdisk.gid.gov.jo,دائرة المخابرات العامة,General Intelligence Department
webmail.gid.gov.jo,دائرة المخابرات العامة,General Intelligence Department
www.gsd.gov.jo,دائرة اللوازم العامة,General Supplies Department
mx01.gsd.gov.jo,دائرة اللوازم العامة,General Supplies Department
mx02.gsd.gov.jo,دائرة اللوازم العامة,General Supplies Department
www.joneps.gov.jo,دائرة اللوازم العامه,General Supplies Department
www.jonepslink.gov.jo,دائرة اللوازم العامه,General Supplies Department
www.gfmis.gov.jo,نظام إدارة المعلومات المالية الحكومية,Government Financial Management Information System
mx01.gfmis.gov.jo,نظام إدارة المعلومات المالية الحكومية,Government Financial Management Information System
mx02.gfmis.gov.jo,نظام إدارة المعلومات المالية الحكومية,Government Financial Management Information System
www.hkjgfmis.gov.jo,نظام إدارة المعلومات المالية الحكومية,Government Financial Management Information System
www.hkjgfmis-dr.gov.jo,نظام إدارة المعلومات المالية الحكومية,Government Financial Management Information System
mail.gpa.gov.jo,إدارة متابعة الاداء الحكومي,Government Performance Administration
www.gtd.gov.jo,دائرة العطاءات الحكومية,Government Tenders departement
mx01.gtd.gov.jo,دائرة العطاءات الحكومية,Government Tenders departement
mx02.gtd.gov.jo,دائرة العطاءات الحكومية,Government Tenders departement
tnd.gtd.gov.jo,دائرة العطاءات الحكومية,Government Tenders departement
tnd.gtd.gov.jo:7777,دائرة العطاءات الحكومية,Government Tenders departement
www.ajloun.gov.jo,بلدية عجلون الكبرى,Greater Ajloun municipility
www.ammancity.gov.jo,أمانة عمان الكبرى,Greater Amman Municipality
Portal.ammancity.gov.jo,أمانة عمان الكبرى,Greater Amman Municipality
isupplier.ammancity.gov.jo,أمانة عمان الكبرى,Greater Amman Municipality
mx01.ammancity.gov.jo,أمانة عمان الكبرى,Greater Amman Municipality
mx02.ammancity.gov.jo,أمانة عمان الكبرى,Greater Amman Municipality
portal.ammancity.gov.jo,أمانة عمان الكبرى,Greater Amman Municipality
secured.ammancity.gov.jo,أمانة عمان الكبرى,Greater Amman Municipality
www.secured.ammancity.gov.jo,أمانة عمان الكبرى,Greater Amman Municipality
www.gamtenders.gov.jo,أمانة عمان الكبرى,Greater Amman Municipality
www.awm.gov.jo,أمانة عمان الكبرى,Greater Amman Municipality
www.ammancitygis.gov.jo,أمانة عمان الكبرى,Greater Amman Municipality
www.jerash.gov.jo,بلدية جرش الكبرى,Greater Jerash Municipality
mail.jerash.gov.jo,بلدية جرش الكبرى,Greater Jerash Municipality
mx01.jerash.gov.jo,بلدية جرش الكبرى,Greater Jerash Municipality
mx02.jerash.gov.jo,بلدية جرش الكبرى,Greater Jerash Municipality
www.maan.gov.jo,بلدية معان الكبرى,Greater Ma'an Municipality
mail.maan.gov.jo,بلدية معان الكبرى,Greater Ma'an Municipality
mx01.maan.gov.jo,بلدية معان الكبرى,Greater Ma'an Municipality
mx02.maan.gov.jo,بلدية معان الكبرى,Greater Ma'an Municipality
www.madaba.gov.jo,بلدية مادبا الكبرى,Greater Madaba Municipality
www.mafraq.gov.jo,بلدية المفرق الكبرى,Greater Mafraq Municipality
www.hia.gov.jo,إدارة التأمين الصحي - وزارة الصحة,Health Insurance Adminstration
mail.hia.gov.jo,إدارة التأمين الصحي - وزارة الصحة,Health Insurance Adminstration
mx01.hia.gov.jo,إدارة التأمين الصحي - وزارة الصحة,Health Insurance Adminstration
mx02.hia.gov.jo,إدارة التأمين الصحي - وزارة الصحة,Health Insurance Adminstration
mx1.hia.gov.jo,إدارة التأمين الصحي - وزارة الصحة,Health Insurance Adminstration
mx2.hia.gov.jo,إدارة التأمين الصحي - وزارة الصحة,Health Insurance Adminstration
mx3.hia.gov.jo,إدارة التأمين الصحي - وزارة الصحة,Health Insurance Adminstration
www.hhc.gov.jo,المجلس الصحي العالي,High health council
mail.hhc.gov.jo,المجلس الصحي العالي,High health council
mx01.hhc.gov.jo,المجلس الصحي العالي,High health council
mx02.hhc.gov.jo,المجلس الصحي العالي,High health council
www.hcy.gov.jo,المجلس الأعلى للشباب,Higher Council for Youth
mx01.hcy.gov.jo,المجلس الأعلى للشباب,Higher Council for Youth
mx02.hcy.gov.jo,المجلس الأعلى للشباب,Higher Council for Youth
www.admhec.gov.jo,وحدة تنسيق القبول الموحد,Higher Education Admissions Coordination Unit
www.hudc.gov.jo,المؤسسة العامة للإسكان والتطوير الحضري,Housing and Urban Development Corporation
mx01.hudc.gov.jo,المؤسسة العامة للإسكان والتطوير الحضري,Housing and Urban Development Corporation
mx02.hudc.gov.jo,المؤسسة العامة للإسكان والتطوير الحضري,Housing and Urban Development Corporation
www.istd.gov.jo,دائرة ضريبة الدخل والمبيعات,Income and Sales Tax Department
es.istd.gov.jo,دائرة ضريبة الدخل والمبيعات,Income and Sales Tax Department
www.es.istd.gov.jo,دائرة ضريبة الدخل والمبيعات,Income and Sales Tax Department
etax.istd.gov.jo,دائرة ضريبة الدخل والمبيعات,Income and Sales Tax Department
www.etax.istd.gov.jo,دائرة ضريبة الدخل والمبيعات,Income and Sales Tax Department
admin.etax.istd.gov.jo,دائرة ضريبة الدخل والمبيعات,Income and Sales Tax Department
www.admin.etax.istd.gov.jo,دائرة ضريبة الدخل والمبيعات,Income and Sales Tax Department
istdapp.istd.gov.jo,دائرة ضريبة الدخل والمبيعات,Income and Sales Tax Department
www.istdapp.istd.gov.jo,دائرة ضريبة الدخل والمبيعات,Income and Sales Tax Department
mx01.istd.gov.jo,دائرة ضريبة الدخل والمبيعات,Income and Sales Tax Department
mx02.istd.gov.jo,دائرة ضريبة الدخل والمبيعات,Income and Sales Tax Department
www.cfs.gov.jo,دائرة ضريبة الدخل والمبيعات / نظام صرف الدعم الحكومي,Income and Sales Tax Department
www.ipa.gov.jo,معهد الادارة العامة,Institute of Public Administration
db.ipa.gov.jo,معهد الادارة العامة,Institute of Public Administration
et.ipa.gov.jo,معهد الادارة العامة,Institute of Public Administration
mx01.ipa.gov.jo,معهد الادارة العامة,Institute of Public Administration
mx02.ipa.gov.jo,معهد الادارة العامة,Institute of Public Administration
mx1.ipa.gov.jo,معهد الادارة العامة,Institute of Public Administration
mx2.ipa.gov.jo,معهد الادارة العامة,Institute of Public Administration
mx3.ipa.gov.jo,معهد الادارة العامة,Institute of Public Administration
www.irc.gov.jo,هيئة التأمين,Insurance Commission
irc-server.irc.gov.jo,هيئة التأمين,Insurance Commission
irc-server2.irc.gov.jo,هيئة التأمين,Insurance Commission
www.jiacc.gov.jo,هيئة النزاهة ومكافحة الفساد,Integrity and Anti-Corruption Commission
mx01.jiacc.gov.jo,هيئة النزاهة ومكافحة الفساد,Integrity and Anti-Corruption Commission
mx02.jiacc.gov.jo,هيئة النزاهة ومكافحة الفساد,Integrity and Anti-Corruption Commission
www.jaec.gov.jo,هيئة الطاقة الذرية الأردنية,Jordan Atomic Energy Comission
exchsrv.jaec.gov.jo,هيئة الطاقة الذرية الأردنية,Jordan Atomic Energy Comission
mx01.jaec.gov.jo,هيئة الطاقة الذرية الأردنية,Jordan Atomic Energy Comission
mx02.jaec.gov.jo,هيئة الطاقة الذرية الأردنية,Jordan Atomic Energy Comission
www.nancej.gov.jo,المركز الأردني لتكنولوجيا النانو,Jordan Center for Nanotechnology
www.jcc.gov.jo,المؤسسة التعاونية الأردنية,Jordan Cooperative Corporation
mx01.jcc.gov.jo,المؤسسة التعاونية الأردنية,Jordan Cooperative Corporation
mx02.jcc.gov.jo,المؤسسة التعاونية الأردنية,Jordan Cooperative Corporation
www.customs.gov.jo,الجمارك الأردنية,Jordan Customs
asyw.customs.gov.jo,الجمارك الأردنية,Jordan Customs
asyw2.customs.gov.jo,الجمارك الأردنية,Jordan Customs
csuonline.customs.gov.jo,الجمارك الأردنية,Jordan Customs
intranet.customs.gov.jo,الجمارك الأردنية,Jordan Customs
jcd.customs.gov.jo,الجمارك الأردنية,Jordan Customs
mx01.customs.gov.jo,الجمارك الأردنية,Jordan Customs
mx02.customs.gov.jo,الجمارك الأردنية,Jordan Customs
retired.customs.gov.jo,الجمارك الأردنية,Jordan Customs
services.customs.gov.jo,الجمارك الأردنية,Jordan Customs
www.dic.gov.jo,مؤسسة ضمان الودائع,Jordan Deposit Insurance Corporation
conference.dic.gov.jo,مؤسسة ضمان الودائع,Jordan Deposit Insurance Corporation
mail.dic.gov.jo,مؤسسة ضمان الودائع,Jordan Deposit Insurance Corporation
mx01.dic.gov.jo,مؤسسة ضمان الودائع,Jordan Deposit Insurance Corporation
mx02.dic.gov.jo,مؤسسة ضمان الودائع,Jordan Deposit Insurance Corporation
www.id.gov.jo,المعهد الدبلوماسي الأردني,Jordan Diplomatic Institute
mail.id.gov.jo,المعهد الدبلوماسي الأردني,Jordan Diplomatic Institute
www.jedco.gov.jo,المؤسسة الأردنية لتطوير المشاريع الإقتصادية,Jordan Enterprise Development Corporation
iiserver.jedco.gov.jo,المؤسسة الأردنية لتطوير المشاريع الإقتصادية,Jordan Enterprise Development Corporation
iserver.jedco.gov.jo,المؤسسة الأردنية لتطوير المشاريع الإقتصادية,Jordan Enterprise Development Corporation
mail.jedco.gov.jo,المؤسسة الأردنية لتطوير المشاريع الإقتصادية,Jordan Enterprise Development Corporation
mail1.jedco.gov.jo,المؤسسة الأردنية لتطوير المشاريع الإقتصادية,Jordan Enterprise Development Corporation
mx01.jedco.gov.jo,المؤسسة الأردنية لتطوير المشاريع الإقتصادية,Jordan Enterprise Development Corporation
mx02.jedco.gov.jo,المؤسسة الأردنية لتطوير المشاريع الإقتصادية,Jordan Enterprise Development Corporation
www.jipa.gov.jo,معهد الإدارة العامة,Jordan Institute of Public Administration
mail.jism.gov.jo,مؤسسة المواصفات والمقاييس,Jordan Institute of Standards and Metrology
mx01.jism.gov.jo,مؤسسة المواصفات والمقاييس,Jordan Institute of Standards and Metrology
mx02.jism.gov.jo,مؤسسة المواصفات والمقاييس,Jordan Institute of Standards and Metrology
www.au.gov.jo,مؤسسة المواصفات والمقاييس,Jordan Institute of Standards and Metrology
www.jic.gov.jo,هيئة الإستثمار,Jordan Investment Commission
crp.jic.gov.jo,هيئة الإستثمار,Jordan Investment Commission
eservices.jic.gov.jo,هيئة الإستثمار,Jordan Investment Commission
isa.jic.gov.jo,هيئة الإستثمار,Jordan Investment Commission
mx01.jic.gov.jo,هيئة الإستثمار,Jordan Investment Commission
mx02.jic.gov.jo,هيئة الإستثمار,Jordan Investment Commission
reid.jic.gov.jo,هيئة الإستثمار,Jordan Investment Commission
tender.jic.gov.jo,هيئة الإستثمار,Jordan Investment Commission
vacancy.jic.gov.jo,هيئة الإستثمار,Jordan Investment Commission
www.jma.gov.jo,السلطة البحرية الأردنية,Jordan Maritime Authority
mail.jma.gov.jo,السلطة البحرية الأردنية,Jordan Maritime Authority
mx01.jma.gov.jo,السلطة البحرية الأردنية,Jordan Maritime Authority
mx02.jma.gov.jo,السلطة البحرية الأردنية,Jordan Maritime Authority
www.jmc.gov.jo,المجلس الطبي الأردني,Jordan Medical Council
gmeis.jmc.gov.jo,المجلس الطبي الأردني,Jordan Medical Council
mail.jmc.gov.jo,المجلس الطبي الأردني,Jordan Medical Council
mx01.jmc.gov.jo,المجلس الطبي الأردني,Jordan Medical Council
mx02.jmc.gov.jo,المجلس الطبي الأردني,Jordan Medical Council
www.jmd.gov.jo,دائرة الأرصاد الجوية,Jordan Meteorological Department
www.jometeo.gov.jo,دائرة الأرصاد الجوية,Jordan Meteorological Department
mx01.jometeo.gov.jo,دائرة الأرصاد الجوية,Jordan Meteorological Department
mx02.jometeo.gov.jo,دائرة الأرصاد الجوية,Jordan Meteorological Department
www.jnmi.gov.jo,المركز الوطني للمترولوجيا,Jordan National Metrology Institute
jnmiweb.jnmi.gov.jo,المركز الوطني للمترولوجيا,Jordan National Metrology Institute
www.petra.gov.jo,وكالة الأنباء الأردنية,Jordan News Agency
Fmob.petra.gov.jo,وكالة الأنباء الأردنية,Jordan News Agency
Fwx1.petra.gov.jo,وكالة الأنباء الأردنية,Jordan News Agency
Petraftp.petra.gov.jo,وكالة الأنباء الأردنية,Jordan News Agency
fmob.petra.gov.jo,وكالة الأنباء الأردنية,Jordan News Agency
fwx1.petra.gov.jo,وكالة الأنباء الأردنية,Jordan News Agency
mx01.petra.gov.jo,وكالة الأنباء الأردنية,Jordan News Agency
mx02.petra.gov.jo,وكالة الأنباء الأردنية,Jordan News Agency
petraftp.petra.gov.jo,وكالة الأنباء الأردنية,Jordan News Agency
petramail.petra.gov.jo,وكالة الأنباء الأردنية,Jordan News Agency
webmail.petra.gov.jo,وكالة الأنباء الأردنية,Jordan News Agency
www.petranews.gov.jo,وكالة الأنباء الأردنية,Jordan News Agency
fwx1.petranews.gov.jo,وكالة الأنباء الأردنية,Jordan News Agency
mail.petranews.gov.jo,وكالة الأنباء الأردنية,Jordan News Agency
www.jpd.gov.jo,دائرة الشراء الموحد,Jordan Procurement Department
mail.jpd.gov.jo,دائرة الشراء الموحد,Jordan Procurement Department
mx01.jpd.gov.jo,دائرة الشراء الموحد,Jordan Procurement Department
mx02.jpd.gov.jo,دائرة الشراء الموحد,Jordan Procurement Department
www.jrtv.gov.jo,مؤسسة الإذاعة والتلفزيون,Jordan Radio and Television Corporation
mail.jrtv.gov.jo,مؤسسة الإذاعة والتلفزيون,Jordan Radio and Television Corporation
mailgw.jrtv.gov.jo,مؤسسة الإذاعة والتلفزيون,Jordan Radio and Television Corporation
mx01.jrtv.gov.jo,مؤسسة الإذاعة والتلفزيون,Jordan Radio and Television Corporation
web.jrtv.gov.jo,مؤسسة الإذاعة والتلفزيون,Jordan Radio and Television Corporation
www.jrtr.gov.jo,مفاعل الأبحاث والتدريب الأردني,Jordan Research and Training Reactor
mx01.jrtr.gov.jo,مفاعل الأبحاث والتدريب الأردني,Jordan Research and Training Reactor
mx02.jrtr.gov.jo,مفاعل الأبحاث والتدريب الأردني,Jordan Research and Training Reactor
www.jsc.gov.jo,هيئة الأوراق المالية,Jordan Securities Commission
mail.jsc.gov.jo,هيئة الأوراق المالية,Jordan Securities Commission
mx01.jsc.gov.jo,هيئة الأوراق المالية,Jordan Securities Commission
mx02.jsc.gov.jo,هيئة الأوراق المالية,Jordan Securities Commission
old.jsc.gov.jo,هيئة الأوراق المالية,Jordan Securities Commission
webmail.jsc.gov.jo,هيئة الأوراق المالية,Jordan Securities Commission
www.visitjordan.gov.jo,هيئة تنشيط السياحة,Jordan Tourism Board
www.jva.gov.jo,سلطة وادي الأردن,Jordan Valley Authority
webmail.jva.gov.jo,سلطة وادي الأردن,Jordan Valley Authority
www.jordanembassyksa.gov.jo,السفارة الأردنية في السعودية,"Jordanian Embassy in Riyadh, Saudi Arabia"
www.jnc.gov.jo,المجلس التمريضي الأردني,Jordanian Nursing Council
mail.jnc.gov.jo,المجلس التمريضي الأردني,Jordanian Nursing Council
mx01.jnc.gov.jo,المجلس التمريضي الأردني,Jordanian Nursing Council
mx02.jnc.gov.jo,المجلس التمريضي الأردني,Jordanian Nursing Council
portals.jnc.gov.jo,المجلس التمريضي الأردني,Jordanian Nursing Council
www.jij.gov.jo,المعهد القضائي الأردني,Judicial Institute of Jordan
conference.jij.gov.jo,المعهد القضائي الأردني,Judicial Institute of Jordan
www.conference.jij.gov.jo,المعهد القضائي الأردني,Judicial Institute of Jordan
mail.jij.gov.jo,المعهد القضائي الأردني,Judicial Institute of Jordan
mx01.jij.gov.jo,المعهد القضائي الأردني,Judicial Institute of Jordan
mx02.jij.gov.jo,المعهد القضائي الأردني,Judicial Institute of Jordan
www.jrms.gov.jo,مدينة الحسين الطبية,King Hussein Medical Center
autodiscover.jrms.gov.jo,مدينة الحسين الطبية,King Hussein Medical Center
isa.jrms.gov.jo,مدينة الحسين الطبية,King Hussein Medical Center
mail.jrms.gov.jo,مدينة الحسين الطبية,King Hussein Medical Center
registration.jrms.gov.jo,مدينة الحسين الطبية,King Hussein Medical Center
www.registration.jrms.gov.jo,مدينة الحسين الطبية,King Hussein Medical Center
www.knowledgestation.gov.jo,مشروع محطات المعرفة,Knowledge Stations
www.ks.gov.jo,مشروع محطات المعرفة,Knowledge Stations
mx01.ks.gov.jo,مشروع محطات المعرفة,Knowledge Stations
mx02.ks.gov.jo,مشروع محطات المعرفة,Knowledge Stations
supplies.ks.gov.jo,مشروع محطات المعرفة,Knowledge Stations
www.ptrc.gov.jo,هيئة تنظيم النقل البري,Land Transport Regulatory Commission
ftp.ptrc.gov.jo,هيئة تنظيم النقل البري,Land Transport Regulatory Commission
mx1.ptrc.gov.jo,هيئة تنظيم النقل البري,Land Transport Regulatory Commission
mx2.ptrc.gov.jo,هيئة تنظيم النقل البري,Land Transport Regulatory Commission
new.ptrc.gov.jo,هيئة تنظيم النقل البري,Land Transport Regulatory Commission
www.ltrc.gov.jo,هيئة تنظيم النقل البري,Land Transport Regulatory Commission
mx01.ltrc.gov.jo,هيئة تنظيم النقل البري,Land Transport Regulatory Commission
mx02.ltrc.gov.jo,هيئة تنظيم النقل البري,Land Transport Regulatory Commission
web.ltrc.gov.jo,هيئة تنظيم النقل البري,Land Transport Regulatory Commission
www.web.ltrc.gov.jo,هيئة تنظيم النقل البري,Land Transport Regulatory Commission
www.lob.gov.jo,ديوان التشريع والرأي,Legislation and Opinion Bureau
mx01.lob.gov.jo,ديوان التشريع والرأي,Legislation and Opinion Bureau
mx02.lob.gov.jo,ديوان التشريع والرأي,Legislation and Opinion Bureau
www.healthcomm.gov.jo,الإعلام والإتصال الصحي,Media and Health Communication
www.mc.gov.jo,هيئة الاعلام,Media Commission
alphaplus.mc.gov.jo,هيئة الاعلام,Media Commission
mail.mc.gov.jo,هيئة الاعلام,Media Commission
mx01.mc.gov.jo,هيئة الاعلام,Media Commission
mx02.mc.gov.jo,هيئة الاعلام,Media Commission
www.mca-jordan.gov.jo,برنامج تحدي الألفية,Millennium Challenge Account
mail.mca-jordan.gov.jo,برنامج تحدي الألفية,Millennium Challenge Account
www.moa.gov.jo,وزارة الزراعة,Ministry of Agriculture
hazard.moa.gov.jo,وزارة الزراعة,Ministry of Agriculture
mx01.moa.gov.jo,وزارة الزراعة,Ministry of Agriculture
mx02.moa.gov.jo,وزارة الزراعة,Ministry of Agriculture
pc-reg.moa.gov.jo,وزارة الزراعة,Ministry of Agriculture
portal.moa.gov.jo,وزارة الزراعة,Ministry of Agriculture
tasreeh.moa.gov.jo,وزارة الزراعة,Ministry of Agriculture
www.nais-jordan.gov.jo,وزارة الزراعة,Ministry of Agriculture
www.hajjfund.gov.jo,صندوق الحج / وزارة الاوقاف والشؤون والمقدسات الاسلامية,Ministry of Awqaf and Islamic Affairs
mail.hajjfund.gov.jo,صندوق الحج / وزارة الاوقاف والشؤون والمقدسات الاسلامية,Ministry of Awqaf and Islamic Affairs
mx01.hajjfund.gov.jo,صندوق الحج / وزارة الاوقاف والشؤون والمقدسات الاسلامية,Ministry of Awqaf and Islamic Affairs
mx02.hajjfund.gov.jo,صندوق الحج / وزارة الاوقاف والشؤون والمقدسات الاسلامية,Ministry of Awqaf and Islamic Affairs
www.culture.gov.jo,وزارة الثقافة,Ministry of Culture
ajloun2013.culture.gov.jo,وزارة الثقافة,Ministry of Culture
www.ajloun2013.culture.gov.jo,وزارة الثقافة,Ministry of Culture
mail.culture.gov.jo,وزارة الثقافة,Ministry of Culture
mx01.culture.gov.jo,وزارة الثقافة,Ministry of Culture
mx02.culture.gov.jo,وزارة الثقافة,Ministry of Culture
www.ich.gov.jo,وزارة الثقافة,Ministry of Culture
mail.ich.gov.jo,وزارة الثقافة,Ministry of Culture
www.polm.gov.jo,وزارة الثقافة,Ministry of Culture
autodiscover.polm.gov.jo,وزارة الثقافة,Ministry of Culture
cpanel.polm.gov.jo,وزارة الثقافة,Ministry of Culture
mail.polm.gov.jo,وزارة الثقافة,Ministry of Culture
webdisk.polm.gov.jo,وزارة الثقافة,Ministry of Culture
webmail.polm.gov.jo,وزارة الثقافة,Ministry of Culture
www.sanad.gov.jo,وزارة الاقتصاد الرقمي والريادة,Ministry of Digital Economy and Entrepreneurship
www.moe.gov.jo,وزارة التربية والتعليم,Ministry of Education
apps.moe.gov.jo,وزارة التربية والتعليم,Ministry of Education
emis.moe.gov.jo,وزارة التربية والتعليم,Ministry of Education
www.emis.moe.gov.jo,وزارة التربية والتعليم,Ministry of Education
data.emis.moe.gov.jo,وزارة التربية والتعليم,Ministry of Education
emisas1.moe.gov.jo,وزارة التربية والتعليم,Ministry of Education
eservices.moe.gov.jo,وزارة التربية والتعليم,Ministry of Education
www.eservices.moe.gov.jo,وزارة التربية والتعليم,Ministry of Education
exams.moe.gov.jo,وزارة التربية والتعليم,Ministry of Education
www.exams.moe.gov.jo,وزارة التربية والتعليم,Ministry of Education
innovation.moe.gov.jo,وزارة التربية والتعليم,Ministry of Education
lms.moe.gov.jo,وزارة التربية والتعليم,Ministry of Education
www.lms.moe.gov.jo,وزارة التربية والتعليم,Ministry of Education
mail.moe.gov.jo,وزارة التربية والتعليم,Ministry of Education
manahej.moe.gov.jo,وزارة التربية والتعليم,Ministry of Education
www.manahej.moe.gov.jo,وزارة التربية والتعليم,Ministry of Education
moeas.moe.gov.jo,وزارة التربية والتعليم,Ministry of Education
moemap.moe.gov.jo,وزارة التربية والتعليم,Ministry of Education
mx01.moe.gov.jo,وزارة التربية والتعليم,Ministry of Education
mx02.moe.gov.jo,وزارة التربية والتعليم,Ministry of Education
stg.moe.gov.jo,وزارة التربية والتعليم,Ministry of Education
test-emis.moe.gov.jo,وزارة التربية والتعليم,Ministry of Education
www.test-emis.moe.gov.jo,وزارة التربية والتعليم,Ministry of Education
trips.moe.gov.jo,وزارة التربية والتعليم,Ministry of Education
uat-emis.moe.gov.jo,وزارة التربية والتعليم,Ministry of Education
waqf.moe.gov.jo,وزارة التربية والتعليم,Ministry of Education
www.inteltao.gov.jo,وزارة التربية والتعليم,Ministry of Education
www.ma3an.gov.jo,وزارة التربية والتعليم,Ministry of Education
www.natcom.gov.jo,وزارة التربية والتعليم,Ministry of Education
www.moe-edc.gov.jo,وزارة التربية والتعليم,Ministry of Education
www.moeservice.gov.jo,وزارة التربية والتعليم,Ministry of Education
www.darsak.gov.jo,وزارة التربية والتعليم,Ministry of Education
dc-e929cbeb7615.darsak.gov.jo,وزارة التربية والتعليم,Ministry of Education
exams.darsak.gov.jo,وزارة التربية والتعليم,Ministry of Education
examstest.darsak.gov.jo,وزارة التربية والتعليم,Ministry of Education
qalam.darsak.gov.jo,وزارة التربية والتعليم,Ministry of Education
stdemo.darsak.gov.jo,وزارة التربية والتعليم,Ministry of Education
www.memr.gov.jo,وزارة الطاقة والثروة المعدنية,Ministry of Energy and Mineral Resources
core.memr.gov.jo,وزارة الطاقة والثروة المعدنية,Ministry of Energy and Mineral Resources
eis.memr.gov.jo,وزارة الطاقة والثروة المعدنية,Ministry of Energy and Mineral Resources
eservices.memr.gov.jo,وزارة الطاقة والثروة المعدنية,Ministry of Energy and Mineral Resources
intraeservices.memr.gov.jo,وزارة الطاقة والثروة المعدنية,Ministry of Energy and Mineral Resources
memr.memr.gov.jo,وزارة الطاقة والثروة المعدنية,Ministry of Energy and Mineral Resources
memrgis.memr.gov.jo,وزارة الطاقة والثروة المعدنية,Ministry of Energy and Mineral Resources
mx01.memr.gov.jo,وزارة الطاقة والثروة المعدنية,Ministry of Energy and Mineral Resources
mx02.memr.gov.jo,وزارة الطاقة والثروة المعدنية,Ministry of Energy and Mineral Resources
reee.memr.gov.jo,وزارة الطاقة والثروة المعدنية,Ministry of Energy and Mineral Resources
www.moenv.gov.jo,وزارة البيئة,Ministry of Environment
mx01.moenv.gov.jo,وزارة البيئة,Ministry of Environment
mx02.moenv.gov.jo,وزارة البيئة,Ministry of Environment
www.jeis.gov.jo,وزارة البيئة,Ministry of Environment
www.pcbs.gov.jo,وزارة البيئة,Ministry of Environment
www.climate-mrv.gov.jo,وزارة البيئة,Ministry of Environment
www.pppu.gov.jo,وزارة المالية,Ministry of Finance
VM-EXPWE.fm.gov.jo,وزارة الخارجية,Ministry of Foreign Affairs
grpmail.fm.gov.jo,وزارة الخارجية,Ministry of Foreign Affairs
www.grpmail.fm.gov.jo,وزارة الخارجية,Ministry of Foreign Affairs
mx01.fm.gov.jo,وزارة الخارجية,Ministry of Foreign Affairs
mx02.fm.gov.jo,وزارة الخارجية,Ministry of Foreign Affairs
mx4.fm.gov.jo,وزارة الخارجية,Ministry of Foreign Affairs
protocol.fm.gov.jo,وزارة الخارجية,Ministry of Foreign Affairs
www.protocol.fm.gov.jo,وزارة الخارجية,Ministry of Foreign Affairs
vm-expwe.fm.gov.jo,وزارة الخارجية,Ministry of Foreign Affairs
vm-expwe1.fm.gov.jo,وزارة الخارجية,Ministry of Foreign Affairs
vm-expwe2.fm.gov.jo,وزارة الخارجية,Ministry of Foreign Affairs
www.mfa.gov.jo,وزارة الخارجية,Ministry of Foreign Affairs
mx01.mfa.gov.jo,وزارة الخارجية,Ministry of Foreign Affairs
mx02.mfa.gov.jo,وزارة الخارجية,Ministry of Foreign Affairs
www.jordanembassycairo.gov.jo,وزارة الخارجية,Ministry of Foreign Affairs
www.mofaimail.gov.jo,وزارة الخارجية,Ministry of Foreign Affairs
mx01.mofaimail.gov.jo,وزارة الخارجية,Ministry of Foreign Affairs
mx02.mofaimail.gov.jo,وزارة الخارجية,Ministry of Foreign Affairs
www.jordanembassydoha.gov.jo,وزارة الخارجية,Ministry of Foreign Affairs
mail.jordanembassydoha.gov.jo,وزارة الخارجية,Ministry of Foreign Affairs
mx01.jordanembassydoha.gov.jo,وزارة الخارجية,Ministry of Foreign Affairs
mx02.jordanembassydoha.gov.jo,وزارة الخارجية,Ministry of Foreign Affairs
www.mofa.gov.jo,وزارة الخارجية,Ministry of Foreign Affairs
www.moh.gov.jo,وزارة الصحة,Ministry of Health
app.moh.gov.jo,وزارة الصحة,Ministry of Health
app1.moh.gov.jo,وزارة الصحة,Ministry of Health
apps.moh.gov.jo,وزارة الصحة,Ministry of Health
chatbot.moh.gov.jo,وزارة الصحة,Ministry of Health
www.chatbot.moh.gov.jo,وزارة الصحة,Ministry of Health
corona.moh.gov.jo,وزارة الصحة,Ministry of Health
www.corona.moh.gov.jo,وزارة الصحة,Ministry of Health
covid19survey.moh.gov.jo,وزارة الصحة,Ministry of Health
cms.covid19survey.moh.gov.jo,وزارة الصحة,Ministry of Health
eservices.moh.gov.jo,وزارة الصحة,Ministry of Health
gis.moh.gov.jo,وزارة الصحة,Ministry of Health
iers.moh.gov.jo,وزارة الصحة,Ministry of Health
info450.moh.gov.jo,وزارة الصحة,Ministry of Health
jiers.moh.gov.jo,وزارة الصحة,Ministry of Health
jmmsr.moh.gov.jo,وزارة الصحة,Ministry of Health
kaa.moh.gov.jo,وزارة الصحة,Ministry of Health
mail.moh.gov.jo,وزارة الصحة,Ministry of Health
mohapp.moh.gov.jo,وزارة الصحة,Ministry of Health
mx01.moh.gov.jo,وزارة الصحة,Ministry of Health
mx02.moh.gov.jo,وزارة الصحة,Ministry of Health
rms.moh.gov.jo,وزارة الصحة,Ministry of Health
wasel.moh.gov.jo,وزارة الصحة,Ministry of Health
app.moh.gov.jo:7003,وزارة الصحة,Ministry of Health
app.moh.gov.jo:7004,وزارة الصحة,Ministry of Health
app1.moh.gov.jo:7101,وزارة الصحة,Ministry of Health
app.moh.gov.jo:8003,وزارة الصحة,Ministry of Health
app1.moh.gov.jo:8003,وزارة الصحة,Ministry of Health
www.mit.gov.jo,وزارة الصناعة والتجارة,Ministry of Industry and Trade
ccr.mit.gov.jo,وزارة الصناعة والتجارة,Ministry of Industry and Trade
counselors.mit.gov.jo,وزارة الصناعة والتجارة,Ministry of Industry and Trade
e-service.mit.gov.jo,وزارة الصناعة والتجارة,Ministry of Industry and Trade
ecm.mit.gov.jo,وزارة الصناعة والتجارة,Ministry of Industry and Trade
inquiry.mit.gov.jo,وزارة الصناعة والتجارة,Ministry of Industry and Trade
ippd.mit.gov.jo,وزارة الصناعة والتجارة,Ministry of Industry and Trade
ippd-eservice.mit.gov.jo,وزارة الصناعة والتجارة,Ministry of Industry and Trade
ippublish.mit.gov.jo,وزارة الصناعة والتجارة,Ministry of Industry and Trade
jcr.mit.gov.jo,وزارة الصناعة والتجارة,Ministry of Industry and Trade
mx01.mit.gov.jo,وزارة الصناعة والتجارة,Ministry of Industry and Trade
mx02.mit.gov.jo,وزارة الصناعة والتجارة,Ministry of Industry and Trade
nppd.mit.gov.jo,وزارة الصناعة والتجارة,Ministry of Industry and Trade
test.mit.gov.jo,وزارة الصناعة والتجارة,Ministry of Industry and Trade
tisc.mit.gov.jo,وزارة الصناعة والتجارة,Ministry of Industry and Trade
e-service.mit.gov.jo:8888,وزارة الصناعة والتجارة,Ministry of Industry and Trade
www.tawasol.gov.jo,وزارة الصناعة والتجارة,Ministry of Industry and Trade
mail.tawasol.gov.jo,وزارة الصناعة والتجارة,Ministry of Industry and Trade
mx01.tawasol.gov.jo,وزارة الصناعة والتجارة,Ministry of Industry and Trade
mx02.tawasol.gov.jo,وزارة الصناعة والتجارة,Ministry of Industry and Trade
www.tafteesh.gov.jo,وزارة الصناعة والتجارة,Ministry of Industry and Trade
autodiscover.goj.gov.jo,وزارة الاقتصاد الرقمي والريادة,The Ministry of Digital Economy and Entrepreneurship
mail101.goj.gov.jo,وزارة الاقتصاد الرقمي والريادة,The Ministry of Digital Economy and Entrepreneurship
mail102.goj.gov.jo,وزارة الاقتصاد الرقمي والريادة,The Ministry of Digital Economy and Entrepreneurship
mx1.goj.gov.jo,وزارة الاقتصاد الرقمي والريادة,The Ministry of Digital Economy and Entrepreneurship
mx2.goj.gov.jo,وزارة الاقتصاد الرقمي والريادة,The Ministry of Digital Economy and Entrepreneurship
www.jordan.gov.jo,وزارة الاقتصاد الرقمي والريادة,The Ministry of Digital Economy and Entrepreneurship
data.jordan.gov.jo,وزارة الاقتصاد الرقمي والريادة,The Ministry of Digital Economy and Entrepreneurship
www.data.jordan.gov.jo,وزارة الاقتصاد الرقمي والريادة,The Ministry of Digital Economy and Entrepreneurship
form.jordan.gov.jo,وزارة الاقتصاد الرقمي والريادة,The Ministry of Digital Economy and Entrepreneurship
www.form.jordan.gov.jo,وزارة الاقتصاد الرقمي والريادة,The Ministry of Digital Economy and Entrepreneurship
hackathon.jordan.gov.jo,وزارة الاقتصاد الرقمي والريادة,The Ministry of Digital Economy and Entrepreneurship
www.hackathon.jordan.gov.jo,وزارة الاقتصاد الرقمي والريادة,The Ministry of Digital Economy and Entrepreneurship
images.jordan.gov.jo,وزارة الاقتصاد الرقمي والريادة,The Ministry of Digital Economy and Entrepreneurship
mx01.jordan.gov.jo,وزارة الاقتصاد الرقمي والريادة,The Ministry of Digital Economy and Entrepreneurship
mx02.jordan.gov.jo,وزارة الاقتصاد الرقمي والريادة,The Ministry of Digital Economy and Entrepreneurship
portal.jordan.gov.jo,وزارة الاقتصاد الرقمي والريادة,The Ministry of Digital Economy and Entrepreneurship
secure.jordan.gov.jo,وزارة الاقتصاد الرقمي والريادة,The Ministry of Digital Economy and Entrepreneurship
www.secure.jordan.gov.jo,وزارة الاقتصاد الرقمي والريادة,The Ministry of Digital Economy and Entrepreneurship
staging.secure.jordan.gov.jo,وزارة الاقتصاد الرقمي والريادة,The Ministry of Digital Economy and Entrepreneurship
www.staging.secure.jordan.gov.jo,وزارة الاقتصاد الرقمي والريادة,The Ministry of Digital Economy and Entrepreneurship
solouk.jordan.gov.jo,وزارة الاقتصاد الرقمي والريادة,The Ministry of Digital Economy and Entrepreneurship
staging.jordan.gov.jo,وزارة الاقتصاد الرقمي والريادة,The Ministry of Digital Economy and Entrepreneurship
www.staging.jordan.gov.jo,وزارة الاقتصاد الرقمي والريادة,The Ministry of Digital Economy and Entrepreneurship
www.moict.gov.jo,وزارة الاقتصاد الرقمي والريادة,The Ministry of Digital Economy and Entrepreneurship
collab-edge.moict.gov.jo,وزارة الاقتصاد الرقمي والريادة,The Ministry of Digital Economy and Entrepreneurship
connect.moict.gov.jo,وزارة الاقتصاد الرقمي والريادة,The Ministry of Digital Economy and Entrepreneurship
www.connect.moict.gov.jo,وزارة الاقتصاد الرقمي والريادة,The Ministry of Digital Economy and Entrepreneurship
forms.moict.gov.jo,وزارة الاقتصاد الرقمي والريادة,The Ministry of Digital Economy and Entrepreneurship
ictinfo.moict.gov.jo,وزارة الاقتصاد الرقمي والريادة,The Ministry of Digital Economy and Entrepreneurship
jabber.moict.gov.jo,وزارة الاقتصاد الرقمي والريادة,The Ministry of Digital Economy and Entrepreneurship
meet.moict.gov.jo,وزارة الاقتصاد الرقمي والريادة,The Ministry of Digital Economy and Entrepreneurship
moict-expw-c.moict.gov.jo,وزارة الاقتصاد الرقمي والريادة,The Ministry of Digital Economy and Entrepreneurship
moict-expw-e.moict.gov.jo,وزارة الاقتصاد الرقمي والريادة,The Ministry of Digital Economy and Entrepreneurship
mx01.moict.gov.jo,وزارة الاقتصاد الرقمي والريادة,The Ministry of Digital Economy and Entrepreneurship
mx02.moict.gov.jo,وزارة الاقتصاد الرقمي والريادة,The Ministry of Digital Economy and Entrepreneurship
www.govportal.gov.jo,وزارة الاقتصاد الرقمي والريادة,The Ministry of Digital Economy and Entrepreneurship
www.jopay.gov.jo,وزارة الاقتصاد الرقمي والريادة,The Ministry of Digital Economy and Entrepreneurship
mx1.jopay.gov.jo,وزارة الاقتصاد الرقمي والريادة,The Ministry of Digital Economy and Entrepreneurship
mx2.jopay.gov.jo,وزارة الاقتصاد الرقمي والريادة,The Ministry of Digital Economy and Entrepreneurship
staging1.jopay.gov.jo,وزارة الاقتصاد الرقمي والريادة,The Ministry of Digital Economy and Entrepreneurship
staging2.jopay.gov.jo,وزارة الاقتصاد الرقمي والريادة,The Ministry of Digital Economy and Entrepreneurship
webmail.gov.jo,وزارة الاقتصاد الرقمي والريادة,The Ministry of Digital Economy and Entrepreneurship
www.webmail.gov.jo,وزارة الاقتصاد الرقمي والريادة,The Ministry of Digital Economy and Entrepreneurship
www.sms.gov.jo,وزارة الاقتصاد الرقمي والريادة,The Ministry of Digital Economy and Entrepreneurship
g2b.gsb.gov.jo,وزارة الاقتصاد الرقمي والريادة,The Ministry of Digital Economy and Entrepreneurship
api-gateway.g2b.gsb.gov.jo,وزارة الاقتصاد الرقمي والريادة,The Ministry of Digital Economy and Entrepreneurship
portal-www.g2b.gsb.gov.jo,وزارة الاقتصاد الرقمي والريادة,The Ministry of Digital Economy and Entrepreneurship
api-gateway.g2g.gsb.gov.jo,وزارة الاقتصاد الرقمي والريادة,The Ministry of Digital Economy and Entrepreneurship
portal-www.g2g.gsb.gov.jo,وزارة الاقتصاد الرقمي والريادة,The Ministry of Digital Economy and Entrepreneurship
api-gateway.stg.gsb.gov.jo,وزارة الاقتصاد الرقمي والريادة,The Ministry of Digital Economy and Entrepreneurship
api-gateway.g2b.stg.gsb.gov.jo,وزارة الاقتصاد الرقمي والريادة,The Ministry of Digital Economy and Entrepreneurship
portal-www.stg.gsb.gov.jo,وزارة الاقتصاد الرقمي والريادة,The Ministry of Digital Economy and Entrepreneurship
Lyncdiscover.lync.gov.jo,وزارة الاقتصاد الرقمي والريادة,The Ministry of Digital Economy and Entrepreneurship
mx01.lync.gov.jo,وزارة الاقتصاد الرقمي والريادة,The Ministry of Digital Economy and Entrepreneurship
mx02.lync.gov.jo,وزارة الاقتصاد الرقمي والريادة,The Ministry of Digital Economy and Entrepreneurship
sip.lync.gov.jo,وزارة الاقتصاد الرقمي والريادة,The Ministry of Digital Economy and Entrepreneurship
www.hukomati.gov.jo,وزارة الاقتصاد الرقمي والريادة,The Ministry of Digital Economy and Entrepreneurship
www.efeedback.gov.jo,وزارة الاقتصاد الرقمي والريادة,The Ministry of Digital Economy and Entrepreneurship
www.your.gov.jo,وزارة الاقتصاد الرقمي والريادة,The Ministry of Digital Economy and Entrepreneurship
www.moi.gov.jo,وزارة الداخلية,Ministry of Interior
dnfa.moi.gov.jo,وزارة الداخلية,Ministry of Interior
www.dnfa.moi.gov.jo,وزارة الداخلية,Ministry of Interior
emp.moi.gov.jo,وزارة الداخلية,Ministry of Interior
www.emp.moi.gov.jo,وزارة الداخلية,Ministry of Interior
eservices.moi.gov.jo,وزارة الداخلية,Ministry of Interior
www.eservices.moi.gov.jo,وزارة الداخلية,Ministry of Interior
mx01.moi.gov.jo,وزارة الداخلية,Ministry of Interior
mx02.moi.gov.jo,وزارة الداخلية,Ministry of Interior
www.awqaf.gov.jo,وزارة الأوقاف والشؤون والمقدسات الإسلامية,Ministry of Islamic Awqaf Trust Affairs
eservices.awqaf.gov.jo,وزارة الأوقاف والشؤون والمقدسات الإسلامية,Ministry of Islamic Awqaf Trust Affairs
mx02.awqaf.gov.jo,وزارة الأوقاف والشؤون والمقدسات الإسلامية,Ministry of Islamic Awqaf Trust Affairs
www.moj.gov.jo,وزارة العدل,‫Ministry of Justice ‬
auctions.moj.gov.jo,وزارة العدل,‫Ministry of Justice ‬
dm.moj.gov.jo,وزارة العدل,‫Ministry of Justice ‬
eng.moj.gov.jo,وزارة العدل,‫Ministry of Justice ‬
www.eng.moj.gov.jo,وزارة العدل,‫Ministry of Justice ‬
mx01.moj.gov.jo,وزارة العدل,‫Ministry of Justice ‬
mx02.moj.gov.jo,وزارة العدل,‫Ministry of Justice ‬
ncrc.moj.gov.jo,وزارة العدل,‫Ministry of Justice ‬
www.ncrc.moj.gov.jo,وزارة العدل,‫Ministry of Justice ‬
service.moj.gov.jo,وزارة العدل,‫Ministry of Justice ‬
services.moj.gov.jo,وزارة العدل,‫Ministry of Justice ‬
idmenabler.services.moj.gov.jo,وزارة العدل,‫Ministry of Justice ‬
www.idmenabler.services.moj.gov.jo,وزارة العدل,‫Ministry of Justice ‬
staging.idmenabler.services.moj.gov.jo,وزارة العدل,‫Ministry of Justice ‬
www.staging.idmenabler.services.moj.gov.jo,وزارة العدل,‫Ministry of Justice ‬
www1.moj.gov.jo,وزارة العدل,‫Ministry of Justice ‬
services.moj.gov.jo:9005,وزارة العدل,‫Ministry of Justice ‬
www.mol.gov.jo,وزارة العمل,Ministry of Labour
eservice.mol.gov.jo,وزارة العمل,Ministry of Labour
www.eservice.mol.gov.jo,وزارة العمل,Ministry of Labour
faz3a.mol.gov.jo,وزارة العمل,Ministry of Labour
mx01.mol.gov.jo,وزارة العمل,Ministry of Labour
mx02.mol.gov.jo,وزارة العمل,Ministry of Labour
www.inspection.gov.jo,وزارة العمل,Ministry of Labour
www.sajjil.gov.jo,وزارة العمل,Ministry of Labour
www.mma.gov.jo,وزارة الشؤون البلدية,Ministry of Municipal Affairs
maakom.mma.gov.jo,وزارة الشؤون البلدية,Ministry of Municipal Affairs
www.maakom.mma.gov.jo,وزارة الشؤون البلدية,Ministry of Municipal Affairs
mserver.mma.gov.jo,وزارة الشؤون البلدية,Ministry of Municipal Affairs
www.moma.gov.jo,وزارة الشؤون البلدية,Ministry of Municipal Affairs
mx02.moma.gov.jo,وزارة الشؤون البلدية,Ministry of Municipal Affairs
www.mop.gov.jo,وزارة التخطيط والتعاون الدولي,Ministry of Planning and International
mx01.mop.gov.jo,وزارة التخطيط والتعاون الدولي,Ministry of Planning and International
mx02.mop.gov.jo,وزارة التخطيط والتعاون الدولي,Ministry of Planning and International
portal.mop.gov.jo,وزارة التخطيط والتعاون الدولي,Ministry of Planning and International
www.mopic-afis.gov.jo,وزارة التخطيط والتعاون الدولي,Ministry of Planning and International
www.jrp.gov.jo,وزارة التخطيط والتعاون الدولي,Ministry of Planning and International
mail.mopd.gov.jo,وزارة التنمية السياسية,Ministry of Political and Parliamentary Affairs
mx01.mopd.gov.jo,وزارة التنمية السياسية,Ministry of Political and Parliamentary Affairs
mx02.mopd.gov.jo,وزارة التنمية السياسية,Ministry of Political and Parliamentary Affairs
www.moppa.gov.jo,وزارة الشؤون السياسية والبرلمانية,Ministry of Political and Parliamentary Affairs
mx01.moppa.gov.jo,وزارة الشؤون السياسية والبرلمانية,Ministry of Political and Parliamentary Affairs
mx02.moppa.gov.jo,وزارة الشؤون السياسية والبرلمانية,Ministry of Political and Parliamentary Affairs
excellence.mopsd.gov.jo,وزارة تطوير القطاع العام,Ministry of Public Sector Development
mx01.mopsd.gov.jo,وزارة تطوير القطاع العام,Ministry of Public Sector Development
mx02.mopsd.gov.jo,وزارة تطوير القطاع العام,Ministry of Public Sector Development
www.jnbc.gov.jo,وزارة الأشغال العامة والإسكان,Ministry of Public Works and Housing
www.mpwh.gov.jo,وزارة الأشغال العامة والإسكان,Ministry of Public Works and Housing
gis.mpwh.gov.jo,وزارة الأشغال العامة والإسكان,Ministry of Public Works and Housing
www.gis.mpwh.gov.jo,وزارة الأشغال العامة والإسكان,Ministry of Public Works and Housing
ltd.mpwh.gov.jo,وزارة الأشغال العامة والإسكان,Ministry of Public Works and Housing
mx01.mpwh.gov.jo,وزارة الأشغال العامة والإسكان,Ministry of Public Works and Housing
mx02.mpwh.gov.jo,وزارة الأشغال العامة والإسكان,Ministry of Public Works and Housing
www.mosd.gov.jo,وزارة التنمية الإجتماعية,Ministry of Social Development
admin.mosd.gov.jo,وزارة التنمية الإجتماعية,Ministry of Social Development
control.mosd.gov.jo,وزارة التنمية الإجتماعية,Ministry of Social Development
mx02.mosd.gov.jo,وزارة التنمية الإجتماعية,Ministry of Social Development
services.mosd.gov.jo,وزارة التنمية الإجتماعية,Ministry of Social Development
social.mosd.gov.jo,وزارة التنمية الإجتماعية,Ministry of Social Development
www.darkarama.gov.jo,وزارة التنمية الإجتماعية,Ministry of Social Development
www.mot.gov.jo,وزارة النقل,Ministry of Transport
crm.mot.gov.jo,وزارة النقل,Ministry of Transport
grp.mot.gov.jo,وزارة النقل,Ministry of Transport
intra.mot.gov.jo,وزارة النقل,Ministry of Transport
bi.jdwh-internet.mot.gov.jo,وزارة النقل,Ministry of Transport
dd.jdwh-internet.mot.gov.jo,وزارة النقل,Ministry of Transport
bi.jdwh-sgn.mot.gov.jo,وزارة النقل,Ministry of Transport
dd.jdwh-sgn.mot.gov.jo,وزارة النقل,Ministry of Transport
mail.mot.gov.jo,وزارة النقل,Ministry of Transport
mx01.mot.gov.jo,وزارة النقل,Ministry of Transport
mx02.mot.gov.jo,وزارة النقل,Ministry of Transport
www.mwi.gov.jo,وزارة المياه والري,Ministry of Water and Irrigation
GIS.mwi.gov.jo,وزارة المياه والري,Ministry of Water and Irrigation
www.GIS.mwi.gov.jo,وزارة المياه والري,Ministry of Water and Irrigation
emwi.mwi.gov.jo,وزارة المياه والري,Ministry of Water and Irrigation
gis.mwi.gov.jo,وزارة المياه والري,Ministry of Water and Irrigation
mail.mwi.gov.jo,وزارة المياه والري,Ministry of Water and Irrigation
mail2.mwi.gov.jo,وزارة المياه والري,Ministry of Water and Irrigation
mwiexc.mwi.gov.jo,وزارة المياه والري,Ministry of Water and Irrigation
mwimail.mwi.gov.jo,وزارة المياه والري,Ministry of Water and Irrigation
waterjo.mwi.gov.jo,وزارة المياه والري,Ministry of Water and Irrigation
www.waterjo.mwi.gov.jo,وزارة المياه والري,Ministry of Water and Irrigation
www.ngwa.gov.jo,وزارة المياه والري,Ministry of Water and Irrigation
www.waterdoc.gov.jo,وزارة المياه والري,Ministry of Water and Irrigation
ddrblr21.com,وزارة الشباب والرياضة,Ministry of Youth
www.moy.gov.jo,وزارة الشباب والرياضة,Ministry of Youth
jobs.moy.gov.jo,وزارة الشباب والرياضة,Ministry of Youth
mx01.moy.gov.jo,وزارة الشباب والرياضة,Ministry of Youth
mx02.moy.gov.jo,وزارة الشباب والرياضة,Ministry of Youth
youth.moy.gov.jo,وزارة الشباب والرياضة,Ministry of Youth
www.dolail.gov.jo,بلدية الضليل,Municipality of Dolail
www.irbid.gov.jo,بلدية إربد,Municipality of Irbid
cpanel.irbid.gov.jo,بلدية إربد,Municipality of Irbid
cpcalendars.irbid.gov.jo,بلدية إربد,Municipality of Irbid
cpcontacts.irbid.gov.jo,بلدية إربد,Municipality of Irbid
mail.irbid.gov.jo,بلدية إربد,Municipality of Irbid
old.irbid.gov.jo,بلدية إربد,Municipality of Irbid
webdisk.irbid.gov.jo,بلدية إربد,Municipality of Irbid
webmail.irbid.gov.jo,بلدية إربد,Municipality of Irbid
www.karak.gov.jo,بلدية الكرك,Municipality of Karak
www.naourmunicipality.gov.jo,بلدية ناعور,Na'our Municipality
www.ncartt.gov.jo,المركز الوطني للبحوث الزراعية,National Agricultural Research Center
mail.ncartt.gov.jo,المركز الوطني للبحوث الزراعية,National Agricultural Research Center
ncartt150.ncartt.gov.jo,المركز الوطني للبحوث الزراعية,National Agricultural Research Center
mail.ncartt.gov.jo:85,المركز الوطني للبحوث الزراعية,National Agricultural Research Center
www.ncare.gov.jo,المركز الوطني للبحوث الزراعية,National Agricultural Research Center
imis.ncare.gov.jo,المركز الوطني للبحوث الزراعية,National Agricultural Research Center
mail.ncare.gov.jo,المركز الوطني للبحوث الزراعية,National Agricultural Research Center
www.narc.gov.jo,المركز الوطني للبحوث الزراعية,National Agricultural Research Center
mail.narc.gov.jo,المركز الوطني للبحوث الزراعية,National Agricultural Research Center
mail.narc.gov.jo:85,المركز الوطني للبحوث الزراعية,National Agricultural Research Center
www.naf.gov.jo,صندوق المعونة الوطنية,National Aid Fund
mx01.naf.gov.jo,صندوق المعونة الوطنية,National Aid Fund
mx02.naf.gov.jo,صندوق المعونة الوطنية,National Aid Fund
mx01.nccd.gov.jo,المركز الوطني لتطوير المناهج,National Center for Curriculum Development
mx02.nccd.gov.jo,المركز الوطني لتطوير المناهج,National Center for Curriculum Development
www.nchrd.gov.jo,المركز الوطني لتنمية الموارد البشرية,National Center for Human Resources Development
mx01.nchrd.gov.jo,المركز الوطني لتنمية الموارد البشرية,National Center for Human Resources Development
mx02.nchrd.gov.jo,المركز الوطني لتنمية الموارد البشرية,National Center for Human Resources Development
nchrd-isa02.nchrd.gov.jo,المركز الوطني لتنمية الموارد البشرية,National Center for Human Resources Development
www.ncscm.gov.jo,المركز الوطني للأمن وإدارة الأزمات,National Center for Security and Crises Management
expresswaye.ncscm.gov.jo,المركز الوطني للأمن وإدارة الأزمات,National Center for Security and Crises Management
mail.ncscm.gov.jo,المركز الوطني للأمن وإدارة الأزمات,National Center for Security and Crises Management
www.e-health.gov.jo,مركز تكنولوجيا المعلومات الوطني,National Information Technology Center
www.nic.gov.jo,مركز تكنولوجيا المعلومات الوطني,National Information Technology Center
amon.nic.gov.jo,مركز تكنولوجيا المعلومات الوطني,National Information Technology Center
amra.nic.gov.jo,مركز تكنولوجيا المعلومات الوطني,National Information Technology Center
arabella.nic.gov.jo,مركز تكنولوجيا المعلومات الوطني,National Information Technology Center
ftp.nic.gov.jo,مركز تكنولوجيا المعلومات الوطني,National Information Technology Center
jordan1st.nic.gov.jo,مركز تكنولوجيا المعلومات الوطني,National Information Technology Center
mx01.nic.gov.jo,مركز تكنولوجيا المعلومات الوطني,National Information Technology Center
mx02.nic.gov.jo,مركز تكنولوجيا المعلومات الوطني,National Information Technology Center
network-monitor.nic.gov.jo,مركز تكنولوجيا المعلومات الوطني,National Information Technology Center
ns1.nic.gov.jo,مركز تكنولوجيا المعلومات الوطني,National Information Technology Center
pella.nic.gov.jo,مركز تكنولوجيا المعلومات الوطني,National Information Technology Center
petra.nic.gov.jo,مركز تكنولوجيا المعلومات الوطني,National Information Technology Center
r20.nic.gov.jo,مركز تكنولوجيا المعلومات الوطني,National Information Technology Center
r3-3640.nic.gov.jo,مركز تكنولوجيا المعلومات الوطني,National Information Technology Center
r4-3640.nic.gov.jo,مركز تكنولوجيا المعلومات الوطني,National Information Technology Center
r5-3640.nic.gov.jo,مركز تكنولوجيا المعلومات الوطني,National Information Technology Center
www.nis.gov.jo,مركز تكنولوجيا المعلومات الوطني,National Information Technology Center
www.nitc.gov.jo,مركز تكنولوجيا المعلومات الوطني,National Information Technology Center
dsl001.nitc.gov.jo,مركز تكنولوجيا المعلومات الوطني,National Information Technology Center
dsl002.nitc.gov.jo,مركز تكنولوجيا المعلومات الوطني,National Information Technology Center
dsl003.nitc.gov.jo,مركز تكنولوجيا المعلومات الوطني,National Information Technology Center
dsl004.nitc.gov.jo,مركز تكنولوجيا المعلومات الوطني,National Information Technology Center
dsl005.nitc.gov.jo,مركز تكنولوجيا المعلومات الوطني,National Information Technology Center
dsl006.nitc.gov.jo,مركز تكنولوجيا المعلومات الوطني,National Information Technology Center
dsl007.nitc.gov.jo,مركز تكنولوجيا المعلومات الوطني,National Information Technology Center
dsl008.nitc.gov.jo,مركز تكنولوجيا المعلومات الوطني,National Information Technology Center
dsl009.nitc.gov.jo,مركز تكنولوجيا المعلومات الوطني,National Information Technology Center
dsl010.nitc.gov.jo,مركز تكنولوجيا المعلومات الوطني,National Information Technology Center
dsl011.nitc.gov.jo,مركز تكنولوجيا المعلومات الوطني,National Information Technology Center
dsl012.nitc.gov.jo,مركز تكنولوجيا المعلومات الوطني,National Information Technology Center
dsl013.nitc.gov.jo,مركز تكنولوجيا المعلومات الوطني,National Information Technology Center
dsl014.nitc.gov.jo,مركز تكنولوجيا المعلومات الوطني,National Information Technology Center
dsl015.nitc.gov.jo,مركز تكنولوجيا المعلومات الوطني,National Information Technology Center
dsl016.nitc.gov.jo,مركز تكنولوجيا المعلومات الوطني,National Information Technology Center
dsl017.nitc.gov.jo,مركز تكنولوجيا المعلومات الوطني,National Information Technology Center
ecorner.nitc.gov.jo,مركز تكنولوجيا المعلومات الوطني,National Information Technology Center
events.nitc.gov.jo,مركز تكنولوجيا المعلومات الوطني,National Information Technology Center
filterexceptions.nitc.gov.jo,مركز تكنولوجيا المعلومات الوطني,National Information Technology Center
inforequest.nitc.gov.jo,مركز تكنولوجيا المعلومات الوطني,National Information Technology Center
mail.nitc.gov.jo,مركز تكنولوجيا المعلومات الوطني,National Information Technology Center
mx01.nitc.gov.jo,مركز تكنولوجيا المعلومات الوطني,National Information Technology Center
mx02.nitc.gov.jo,مركز تكنولوجيا المعلومات الوطني,National Information Technology Center
mx4.nitc.gov.jo,مركز تكنولوجيا المعلومات الوطني,National Information Technology Center
network-monitor.nitc.gov.jo,مركز تكنولوجيا المعلومات الوطني,National Information Technology Center
ns1.nitc.gov.jo,مركز تكنولوجيا المعلومات الوطني,National Information Technology Center
ns2.nitc.gov.jo,مركز تكنولوجيا المعلومات الوطني,National Information Technology Center
ucp.nitc.gov.jo,مركز تكنولوجيا المعلومات الوطني,National Information Technology Center
www.ic.gov.jo,مركز تكنولوجيا المعلومات الوطني,National Information Technology Center
mail.ic.gov.jo,مركز تكنولوجيا المعلومات الوطني,National Information Technology Center
mx01.ic.gov.jo,مركز تكنولوجيا المعلومات الوطني,National Information Technology Center
mx02.ic.gov.jo,مركز تكنولوجيا المعلومات الوطني,National Information Technology Center
www.msa.gov.jo,مركز تكنولوجيا المعلومات الوطني,National Information Technology Center
www.gip.gov.jo,مركز تكنولوجيا المعلومات الوطني,National Information Technology Center
mail.gip.gov.jo,مركز تكنولوجيا المعلومات الوطني,National Information Technology Center
mx01.gip.gov.jo,مركز تكنولوجيا المعلومات الوطني,National Information Technology Center
mx02.gip.gov.jo,مركز تكنولوجيا المعلومات الوطني,National Information Technology Center
www.dns.gov.jo,مركز تكنولوجيا المعلومات الوطني,National Information Technology Center
www.ifap-fm.gov.jo,مركز تكنولوجيا المعلومات الوطني,National Information Technology Center
www.cmu.gov.jo,مركز تكنولوجيا المعلومات الوطني,National Information Technology Center
www.ads.gov.jo,مركز تكنولوجيا المعلومات الوطني,National Information Technology Center
www.advs.gov.jo,مركز تكنولوجيا المعلومات الوطني,National Information Technology Center
www.servicedesk.gov.jo,مركز تكنولوجيا المعلومات الوطني,National Information Technology Center
www.nit.gov.jo,معهد التدريب الوطني,National Training Institute
mail.nit.gov.jo,معهد التدريب الوطني,National Training Institute
mx01.nit.gov.jo,معهد التدريب الوطني,National Training Institute
mx02.nit.gov.jo,معهد التدريب الوطني,National Training Institute
www.nwhcc.gov.jo,المركز الوطني للعناية بصحة المرأة,National Woman's Health Care Center
mail.nwhcc.gov.jo,المركز الوطني للعناية بصحة المرأة,National Woman's Health Care Center
mx01.nwhcc.gov.jo,المركز الوطني للعناية بصحة المرأة,National Woman's Health Care Center
mx02.nwhcc.gov.jo,المركز الوطني للعناية بصحة المرأة,National Woman's Health Care Center
www.nra.gov.jo,سلطة المصادر الطبيعية,Natural Resources Authority
mx01.nra.gov.jo,سلطة المصادر الطبيعية,Natural Resources Authority
mx02.nra.gov.jo,سلطة المصادر الطبيعية,Natural Resources Authority
www.noor.gov.jo,مكتب الملكة نور,Office of the Queen Noor
www.ofdc.gov.jo,مؤسسة تنمية أموال الأيتام,Orphans Fund Development Corporation
alphaplus.ofdc.gov.jo,مؤسسة تنمية أموال الأيتام,Orphans Fund Development Corporation
mail.ofdc.gov.jo,مؤسسة تنمية أموال الأيتام,Orphans Fund Development Corporation
mx01.ofdc.gov.jo,مؤسسة تنمية أموال الأيتام,Orphans Fund Development Corporation
mx02.ofdc.gov.jo,مؤسسة تنمية أموال الأيتام,Orphans Fund Development Corporation
www.pdtra.gov.jo,سلطة اقليم البترا التنموي السياحي,Petra Development and Tourism Region Authority
HUBCAS1.pdtra.gov.jo,سلطة اقليم البترا التنموي السياحي,Petra Development and Tourism Region Authority
HUBCAS2.pdtra.gov.jo,سلطة اقليم البترا التنموي السياحي,Petra Development and Tourism Region Authority
MBX1.pdtra.gov.jo,سلطة اقليم البترا التنموي السياحي,Petra Development and Tourism Region Authority
PetraTicketing.pdtra.gov.jo,سلطة اقليم البترا التنموي السياحي,Petra Development and Tourism Region Authority
Services.pdtra.gov.jo,سلطة اقليم البترا التنموي السياحي,Petra Development and Tourism Region Authority
Vacations.pdtra.gov.jo,سلطة اقليم البترا التنموي السياحي,Petra Development and Tourism Region Authority
Vl.pdtra.gov.jo,سلطة اقليم البترا التنموي السياحي,Petra Development and Tourism Region Authority
VlVerify.pdtra.gov.jo,سلطة اقليم البترا التنموي السياحي,Petra Development and Tourism Region Authority
autodiscover.pdtra.gov.jo,سلطة اقليم البترا التنموي السياحي,Petra Development and Tourism Region Authority
employees.pdtra.gov.jo,سلطة اقليم البترا التنموي السياحي,Petra Development and Tourism Region Authority
hubcas1.pdtra.gov.jo,سلطة اقليم البترا التنموي السياحي,Petra Development and Tourism Region Authority
hubcas2.pdtra.gov.jo,سلطة اقليم البترا التنموي السياحي,Petra Development and Tourism Region Authority
hubcas3.pdtra.gov.jo,سلطة اقليم البترا التنموي السياحي,Petra Development and Tourism Region Authority
mail.pdtra.gov.jo,سلطة اقليم البترا التنموي السياحي,Petra Development and Tourism Region Authority
mbx1.pdtra.gov.jo,سلطة اقليم البترا التنموي السياحي,Petra Development and Tourism Region Authority
mbx2.pdtra.gov.jo,سلطة اقليم البترا التنموي السياحي,Petra Development and Tourism Region Authority
mbx3.pdtra.gov.jo,سلطة اقليم البترا التنموي السياحي,Petra Development and Tourism Region Authority
services.pdtra.gov.jo,سلطة اقليم البترا التنموي السياحي,Petra Development and Tourism Region Authority
vacations.pdtra.gov.jo,سلطة اقليم البترا التنموي السياحي,Petra Development and Tourism Region Authority
vl.pdtra.gov.jo,سلطة اقليم البترا التنموي السياحي,Petra Development and Tourism Region Authority
vlverify.pdtra.gov.jo,سلطة اقليم البترا التنموي السياحي,Petra Development and Tourism Region Authority
www.pra.gov.jo,سلطة منطقة البتراء,Petra Region Authority
mail.pra.gov.jo,سلطة منطقة البتراء,Petra Region Authority
www.pmu.gov.jo,مشروع المياه / وحدة التخطيط والإدارة,Planning and Management Unit
ar.pmu.gov.jo,مشروع المياه / وحدة التخطيط والإدارة,Planning and Management Unit
mail.pmu.gov.jo,مشروع المياه / وحدة التخطيط والإدارة,Planning and Management Unit
mail.sb.gov.jo,مديرية الأمن العام / مديرية الأمن الوقائي,Preventive Security Directorate
www.pm.gov.jo,رئاسة الوزراء,Prime Ministry of Jordan
doc.pm.gov.jo,رئاسة الوزراء,Prime Ministry of Jordan
www.doc.pm.gov.jo,رئاسة الوزراء,Prime Ministry of Jordan
gait.pm.gov.jo,رئاسة الوزراء,Prime Ministry of Jordan
www.gait.pm.gov.jo,رئاسة الوزراء,Prime Ministry of Jordan
mx01.pm.gov.jo,رئاسة الوزراء,Prime Ministry of Jordan
mx02.pm.gov.jo,رئاسة الوزراء,Prime Ministry of Jordan
www.plan.gov.jo,رئاسة الوزراء,Prime Ministry of Jordan
www.pmy-city.gov.jo,مدينة الامير محمد الرياضية,Prince Mohammed Sports City
cpanel.pmy-city.gov.jo,مدينة الامير محمد الرياضية,Prince Mohammed Sports City
mail.pmy-city.gov.jo,مدينة الامير محمد الرياضية,Prince Mohammed Sports City
webdisk.pmy-city.gov.jo,مدينة الامير محمد الرياضية,Prince Mohammed Sports City
webmail.pmy-city.gov.jo,مدينة الامير محمد الرياضية,Prince Mohammed Sports City
www.psd.gov.jo,مديرية الأمن العام,Public Security Directorate
AutoDiscover.psd.gov.jo,مديرية الأمن العام,Public Security Directorate
antinarcotics.psd.gov.jo,مديرية الأمن العام,Public Security Directorate
www.antinarcotics.psd.gov.jo,مديرية الأمن العام,Public Security Directorate
autodescover.psd.gov.jo,مديرية الأمن العام,Public Security Directorate
autodiscover.psd.gov.jo,مديرية الأمن العام,Public Security Directorate
www.bridges.psd.gov.jo,مديرية الأمن العام,Public Security Directorate
www.ccc.psd.gov.jo,مديرية الأمن العام,Public Security Directorate
www.cid.psd.gov.jo,مديرية الأمن العام,Public Security Directorate
crc.psd.gov.jo,مديرية الأمن العام,Public Security Directorate
www.crc.psd.gov.jo,مديرية الأمن العام,Public Security Directorate
expressway-e.psd.gov.jo,مديرية الأمن العام,Public Security Directorate
familyprotection.psd.gov.jo,مديرية الأمن العام,Public Security Directorate
www.familyprotection.psd.gov.jo,مديرية الأمن العام,Public Security Directorate
hwp.psd.gov.jo,مديرية الأمن العام,Public Security Directorate
www.hwp.psd.gov.jo,مديرية الأمن العام,Public Security Directorate
www.interpol.psd.gov.jo,مديرية الأمن العام,Public Security Directorate
jti.psd.gov.jo,مديرية الأمن العام,Public Security Directorate
www.jti.psd.gov.jo,مديرية الأمن العام,Public Security Directorate
www.judical.psd.gov.jo,مديرية الأمن العام,Public Security Directorate
katc.psd.gov.jo,مديرية الأمن العام,Public Security Directorate
mail.psd.gov.jo,مديرية الأمن العام,Public Security Directorate
www.pktc.psd.gov.jo,مديرية الأمن العام,Public Security Directorate
procurment.psd.gov.jo,مديرية الأمن العام,Public Security Directorate
www.procurment.psd.gov.jo,مديرية الأمن العام,Public Security Directorate
rangers.psd.gov.jo,مديرية الأمن العام,Public Security Directorate
www.rangers.psd.gov.jo,مديرية الأمن العام,Public Security Directorate
rpa.psd.gov.jo,مديرية الأمن العام,Public Security Directorate
www.rpa.psd.gov.jo,مديرية الأمن العام,Public Security Directorate
sb.psd.gov.jo,مديرية الأمن العام,Public Security Directorate
www.sb.psd.gov.jo,مديرية الأمن العام,Public Security Directorate
sssc.psd.gov.jo,مديرية الأمن العام,Public Security Directorate
www.sssc.psd.gov.jo,مديرية الأمن العام,Public Security Directorate
www.tourist-police.psd.gov.jo,مديرية الأمن العام,Public Security Directorate
traffic.psd.gov.jo,مديرية الأمن العام,Public Security Directorate
www.traffic.psd.gov.jo,مديرية الأمن العام,Public Security Directorate
www.psdservices.gov.jo,مديرية الأمن العام,Public Security Directorate
www.police.gov.jo,مديرية الأمن العام,Public Security Directorate
www.psdelearning.gov.jo,مديرية الأمن العام,Public Security Directorate
www.psdmedia.gov.jo,مديرية الأمن العام,Public Security Directorate
ftp.educomroy.gov.jo,اللجنة الملكية الإستشارية للتعليم,Royal Advisory Committee for Education
www.rcc.gov.jo,المركز الثقافي الملكي,Royal Cultural Center
mx01.rcc.gov.jo,المركز الثقافي الملكي,Royal Cultural Center
mx02.rcc.gov.jo,المركز الثقافي الملكي,Royal Cultural Center
www.kingabdullah.gov.jo,الديوان الملكي الهاشمي,Royal Hashemite Court
www.kinghussein.gov.jo,الديوان الملكي العامر,Royal Hashemite Court
ftp.kinghussein.gov.jo,الديوان الملكي العامر,Royal Hashemite Court
new.kinghussein.gov.jo,الديوان الملكي العامر,Royal Hashemite Court
report.kinghussein.gov.jo,الديوان الملكي العامر,Royal Hashemite Court
www.rhdc.gov.jo,مركز التوثيق الملكي الاردني الهاشمي,Royal Hashemite Documentation Center
mx01.rhdc.gov.jo,مركز التوثيق الملكي الاردني الهاشمي,Royal Hashemite Documentation Center
mx02.rhdc.gov.jo,مركز التوثيق الملكي الاردني الهاشمي,Royal Hashemite Documentation Center
www.rjgc.gov.jo,المركز الجغرافي الملكي الأردني,Royal Jordanian Geographic Centre
mailserver.rjgc.gov.jo,المركز الجغرافي الملكي الأردني,Royal Jordanian Geographic Centre
mx01.rjgc.gov.jo,المركز الجغرافي الملكي الأردني,Royal Jordanian Geographic Centre
mx02.rjgc.gov.jo,المركز الجغرافي الملكي الأردني,Royal Jordanian Geographic Centre
www.josdi.gov.jo,المركز الجغرافي الملكي الاردني,Royal Jordanian Geographic Centre
www.emarcu.gov.jo,الجمعية العلمية الملكية,Royal Scientific Society
emarcu-web.emarcu.gov.jo,الجمعية العلمية الملكية,Royal Scientific Society
emarcu-webs.emarcu.gov.jo,الجمعية العلمية الملكية,Royal Scientific Society
mail1.rss.gov.jo,الجمعية العلمية الملكية,Royal Scientific Society
mars.rss.gov.jo,الجمعية العلمية الملكية,Royal Scientific Society
www.russifah.gov.jo,بلدية الرصيفة,Rsaifeh New Municipality
mail.russifah.gov.jo,بلدية الرصيفة,Rsaifeh New Municipality
mx01.russifah.gov.jo,بلدية الرصيفة,Rsaifeh New Municipality
mx02.russifah.gov.jo,بلدية الرصيفة,Rsaifeh New Municipality
www.saltptc.gov.jo,مؤسسة التدريب المهني / معهد السلط للمهن و الحرف التقليدية,Salt Institute for careers traditional crafts
www.srf.gov.jo,صندوق البحث العلمي,Scientific Research Fund
app.srf.gov.jo,صندوق البحث العلمي,Scientific Research Fund
forms.srf.gov.jo,صندوق البحث العلمي,Scientific Research Fund
mx01.srf.gov.jo,صندوق البحث العلمي,Scientific Research Fund
mx02.srf.gov.jo,صندوق البحث العلمي,Scientific Research Fund
www.srsf.gov.jo,صندوق دعم البحث العلمي,Scientific Research Support Fund
www.ssc.gov.jo,المؤسسة العامة للضمان الاجتماعي,Social Security Corporation‎
ata.ssc.gov.jo,المؤسسة العامة للضمان الاجتماعي,Social Security Corporation‎
autodiscover.ssc.gov.jo,المؤسسة العامة للضمان الاجتماعي,Social Security Corporation‎
corner.ssc.gov.jo,المؤسسة العامة للضمان الاجتماعي,Social Security Corporation‎
email.ssc.gov.jo,المؤسسة العامة للضمان الاجتماعي,Social Security Corporation‎
eservices.ssc.gov.jo,المؤسسة العامة للضمان الاجتماعي,Social Security Corporation‎
lawyers.ssc.gov.jo,المؤسسة العامة للضمان الاجتماعي,Social Security Corporation‎
mobile-app.ssc.gov.jo,المؤسسة العامة للضمان الاجتماعي,Social Security Corporation‎
mx0.ssc.gov.jo,المؤسسة العامة للضمان الاجتماعي,Social Security Corporation‎
orch.ssc.gov.jo,المؤسسة العامة للضمان الاجتماعي,Social Security Corporation‎
portal.ssc.gov.jo,المؤسسة العامة للضمان الاجتماعي,Social Security Corporation‎
reservation.ssc.gov.jo,المؤسسة العامة للضمان الاجتماعي,Social Security Corporation‎
service1.ssc.gov.jo,المؤسسة العامة للضمان الاجتماعي,Social Security Corporation‎
sscappext.ssc.gov.jo,المؤسسة العامة للضمان الاجتماعي,Social Security Corporation‎
sscftp.ssc.gov.jo,المؤسسة العامة للضمان الاجتماعي,Social Security Corporation‎
sscsys.ssc.gov.jo,المؤسسة العامة للضمان الاجتماعي,Social Security Corporation‎
www.ssiu.gov.jo,صندوق إستثمار أموال الضمان الاجتماعي,Social Security Investment Fund
mainsrv.ssiu.gov.jo,صندوق إستثمار أموال الضمان الاجتماعي,Social Security Investment Fund
mx01.ssiu.gov.jo,صندوق إستثمار أموال الضمان الاجتماعي,Social Security Investment Fund
mx02.ssiu.gov.jo,صندوق إستثمار أموال الضمان الاجتماعي,Social Security Investment Fund
www.ssif.gov.jo,صندوق إستثمار أموال الضمان الاجتماعي,Social Security Investment Fund
bma.ssif.gov.jo,صندوق إستثمار أموال الضمان الاجتماعي,Social Security Investment Fund
www.bma.ssif.gov.jo,صندوق إستثمار أموال الضمان الاجتماعي,Social Security Investment Fund
mx01.ssif.gov.jo,صندوق إستثمار أموال الضمان الاجتماعي,Social Security Investment Fund
mx02.ssif.gov.jo,صندوق إستثمار أموال الضمان الاجتماعي,Social Security Investment Fund
www.sjd.gov.jo,دائرة قاضي القضاة,Supreme Judge Department
mail.sjd.gov.jo,دائرة قاضي القضاة,Supreme Judge Department
mx01.sjd.gov.jo,دائرة قاضي القضاة,Supreme Judge Department
mx02.sjd.gov.jo,دائرة قاضي القضاة,Supreme Judge Department
www.csjd.gov.jo,دائرة قاضي القضاة,Supreme Judge Department
www.trc.gov.jo,هيئة تنظيم قطاع الإتصالات,Telecommunications Regulatory Commission
Etas.trc.gov.jo,هيئة تنظيم قطاع الإتصالات,Telecommunications Regulatory Commission
complaints.trc.gov.jo,هيئة تنظيم قطاع الإتصالات,Telecommunications Regulatory Commission
eservices.trc.gov.jo,هيئة تنظيم قطاع الإتصالات,Telecommunications Regulatory Commission
etas.trc.gov.jo,هيئة تنظيم قطاع الإتصالات,Telecommunications Regulatory Commission
fg.trc.gov.jo,هيئة تنظيم قطاع الإتصالات,Telecommunications Regulatory Commission
mail.trc.gov.jo,هيئة تنظيم قطاع الإتصالات,Telecommunications Regulatory Commission
mx01.trc.gov.jo,هيئة تنظيم قطاع الإتصالات,Telecommunications Regulatory Commission
mx02.trc.gov.jo,هيئة تنظيم قطاع الإتصالات,Telecommunications Regulatory Commission
rsmd.trc.gov.jo,هيئة تنظيم قطاع الإتصالات,Telecommunications Regulatory Commission
www.rsmd.trc.gov.jo,هيئة تنظيم قطاع الإتصالات,Telecommunications Regulatory Commission
trcfex02.trc.gov.jo,هيئة تنظيم قطاع الإتصالات,Telecommunications Regulatory Commission
edds.trc.gov.jo:8056,هيئة تنظيم قطاع الإتصالات,Telecommunications Regulatory Commission
www.jdf.gov.jo,المديرية العامة لقوات الدرك,The General Directorate of the Gendarmerie
gfstc.jdf.gov.jo,المديرية العامة لقوات الدرك,The General Directorate of the Gendarmerie
mail.jdf.gov.jo,المديرية العامة لقوات الدرك,The General Directorate of the Gendarmerie
www.irbidplan.gov.jo,بلدية اربد الكبرى,The Greater Irbid Municipality
mail.irbidplan.gov.jo,بلدية اربد الكبرى,The Greater Irbid Municipality
map.irbidplan.gov.jo,بلدية اربد الكبرى,The Greater Irbid Municipality
www.salt.gov.jo,بلدية السلط الكبرى,The Greater Salt Municipality
www.hcds.gov.jo,الهيئة الهاشمية للمصابين العسكريين,The Hashemite Commission for Disabled Soldiers
mail.hcds.gov.jo,الهيئة الهاشمية للمصابين العسكريين,The Hashemite Commission for Disabled Soldiers
mx01.hcds.gov.jo,الهيئة الهاشمية للمصابين العسكريين,The Hashemite Commission for Disabled Soldiers
mx02.hcds.gov.jo,الهيئة الهاشمية للمصابين العسكريين,The Hashemite Commission for Disabled Soldiers
www.badiafund.gov.jo,الصندوق الهاشمي لتنمية البادية الاردنية,The Hashemite Fund for the Development of the Jordanian Badia
mx01.badiafund.gov.jo,الصندوق الهاشمي لتنمية البادية الاردنية,The Hashemite Fund for the Development of the Jordanian Badia
mx02.badiafund.gov.jo,الصندوق الهاشمي لتنمية البادية الاردنية,The Hashemite Fund for the Development of the Jordanian Badia
www.jhr.gov.jo,سكة حديد الحجاز,The Hejaz Railway
mail.jhr.gov.jo,سكة حديد الحجاز,The Hejaz Railway
mx02.jhr.gov.jo,سكة حديد الحجاز,The Hejaz Railway
www.hcst.gov.jo,المجلس الأعلى للعلوم والتكنولوجيا,The Higher Council for Science and Technology
jostadatabase.hcst.gov.jo,المجلس الأعلى للعلوم والتكنولوجيا,The Higher Council for Science and Technology
mail.hcst.gov.jo,المجلس الأعلى للعلوم والتكنولوجيا,The Higher Council for Science and Technology
mx01.hcst.gov.jo,المجلس الأعلى للعلوم والتكنولوجيا,The Higher Council for Science and Technology
mx02.hcst.gov.jo,المجلس الأعلى للعلوم والتكنولوجيا,The Higher Council for Science and Technology
resn.hcst.gov.jo,المجلس الأعلى للعلوم والتكنولوجيا,The Higher Council for Science and Technology
srtd.hcst.gov.jo,المجلس الأعلى للعلوم والتكنولوجيا,The Higher Council for Science and Technology
www.srtd.hcst.gov.jo,المجلس الأعلى للعلوم والتكنولوجيا,The Higher Council for Science and Technology
mail.srtd.hcst.gov.jo,المجلس الأعلى للعلوم والتكنولوجيا,The Higher Council for Science and Technology
www.ncrd.gov.jo,المجلس الأعلى للعلوم والتكنولوجيا,The Higher Council for Science and Technology
mail.ncrd.gov.jo,المجلس الأعلى للعلوم والتكنولوجيا,The Higher Council for Science and Technology
mx01.ncrd.gov.jo,المجلس الأعلى للعلوم والتكنولوجيا,The Higher Council for Science and Technology
mx02.ncrd.gov.jo,المجلس الأعلى للعلوم والتكنولوجيا,The Higher Council for Science and Technology
www.josta.gov.jo,المجلس الاعلى للعلوم والتكنولوجيا,The Higher Council for Science and Technology HCST
www.hcd.gov.jo,المجلس الأعلى لشؤون الأشخاص المعوقين,The Higher Council for the Rights of Persons with Disabilities
mail.hcd.gov.jo,المجلس الأعلى لشؤون الأشخاص المعوقين,The Higher Council for the Rights of Persons with Disabilities
mx01.hcd.gov.jo,المجلس الأعلى لشؤون الأشخاص المعوقين,The Higher Council for the Rights of Persons with Disabilities
mx02.hcd.gov.jo,المجلس الأعلى لشؤون الأشخاص المعوقين,The Higher Council for the Rights of Persons with Disabilities
www.jsmo.gov.jo,مؤسسة المواصفات والمقاييس الأردنية,The Jordan Standards and Metrology Organization
mail.jsmo.gov.jo,مؤسسة المواصفات والمقاييس الأردنية,The Jordan Standards and Metrology Organization
mx01.jsmo.gov.jo,مؤسسة المواصفات والمقاييس الأردنية,The Jordan Standards and Metrology Organization
mx02.jsmo.gov.jo,مؤسسة المواصفات والمقاييس الأردنية,The Jordan Standards and Metrology Organization
www.badia.gov.jo,مشروع تطوير البادية الاردنية,The Jordanian Badia Development Project
mail.badia.gov.jo,مشروع تطوير البادية الاردنية,The Jordanian Badia Development Project
www.modee.gov.jo,وزارة الاقتصاد الرقمي والريادة,The Ministry of Digital Economy and Entrepreneurship
drive.modee.gov.jo,وزارة الاقتصاد الرقمي والريادة,The Ministry of Digital Economy and Entrepreneurship
mx01.modee.gov.jo,وزارة الاقتصاد الرقمي والريادة,The Ministry of Digital Economy and Entrepreneurship
mx02.modee.gov.jo,وزارة الاقتصاد الرقمي والريادة,The Ministry of Digital Economy and Entrepreneurship
upload.modee.gov.jo,وزارة الاقتصاد الرقمي والريادة,The Ministry of Digital Economy and Entrepreneurship
www.stayhome.gov.jo,وزارة الاقتصاد الرقمي والريادة,The Ministry of Digital Economy and Entrepreneurship
www.mohe.gov.jo,وزارة التعليم العالي والبحث العلمي,The Ministry of Higher Education and Scientific Research
internet-server.mohe.gov.jo,وزارة التعليم العالي والبحث العلمي,The Ministry of Higher Education and Scientific Research
mx01.mohe.gov.jo,وزارة التعليم العالي والبحث العلمي,The Ministry of Higher Education and Scientific Research
mx02.mohe.gov.jo,وزارة التعليم العالي والبحث العلمي,The Ministry of Higher Education and Scientific Research
qr.mohe.gov.jo,وزارة التعليم العالي والبحث العلمي,The Ministry of Higher Education and Scientific Research
rce.mohe.gov.jo,وزارة التعليم العالي والبحث العلمي,The Ministry of Higher Education and Scientific Research
rceapp.mohe.gov.jo,وزارة التعليم العالي والبحث العلمي,The Ministry of Higher Education and Scientific Research
rnji.mohe.gov.jo,وزارة التعليم العالي والبحث العلمي,The Ministry of Higher Education and Scientific Research
survey.mohe.gov.jo,وزارة التعليم العالي والبحث العلمي,The Ministry of Higher Education and Scientific Research
www.emismohe.gov.jo,وزارة التعليم العالي والبحث العلمي,The Ministry of Higher Education and Scientific Research
www.mota.gov.jo,وزارة السياحة والآثار,The Ministry of Tourism and Antiquities
classifications.mota.gov.jo,وزارة السياحة والآثار,The Ministry of Tourism and Antiquities
delivery.mota.gov.jo,وزارة السياحة والآثار,The Ministry of Tourism and Antiquities
grp.mota.gov.jo,وزارة السياحة والآثار,The Ministry of Tourism and Antiquities
hotels.mota.gov.jo,وزارة السياحة والآثار,The Ministry of Tourism and Antiquities
kafalat.mota.gov.jo,وزارة السياحة والآثار,The Ministry of Tourism and Antiquities
mx01.mota.gov.jo,وزارة السياحة والآثار,The Ministry of Tourism and Antiquities
mx02.mota.gov.jo,وزارة السياحة والآثار,The Ministry of Tourism and Antiquities
onlineeservices.mota.gov.jo,وزارة السياحة والآثار,The Ministry of Tourism and Antiquities
professions.mota.gov.jo,وزارة السياحة والآثار,The Ministry of Tourism and Antiquities
statistics.mota.gov.jo,وزارة السياحة والآثار,The Ministry of Tourism and Antiquities
www.nerc.gov.jo,المركز الوطني للبحث والتطوير,The National Center for Research and Development
nerc.nerc.gov.jo,المركز الوطني للبحث والتطوير,The National Center for Research and Development
sun.nerc.gov.jo,المركز الوطني للبحث والتطوير,The National Center for Research and Development
www.royalautomobilemuseum.gov.jo,متحف السيارات الملكي,The Royal Automobile Museum
www.vtc.gov.jo,مؤسسة التدريب المهني,Vocational Training Corporation
cert.vtc.gov.jo,مؤسسة التدريب المهني,Vocational Training Corporation
domain.vtc.gov.jo,مؤسسة التدريب المهني,Vocational Training Corporation
ict.vtc.gov.jo,مؤسسة التدريب المهني,Vocational Training Corporation
tms2.vtc.gov.jo,مؤسسة التدريب المهني,Vocational Training Corporation
www.e-training-vtc.gov.jo,مؤسسة التدريب المهني,Vocational Training Corporation
mail.e-training-vtc.gov.jo,مؤسسة التدريب المهني,Vocational Training Corporation
mx01.e-training-vtc.gov.jo,مؤسسة التدريب المهني,Vocational Training Corporation
mx02.e-training-vtc.gov.jo,مؤسسة التدريب المهني,Vocational Training Corporation
www.tvt.gov.jo,مؤسسة التدريب المهني,Vocational Training Corporation
mail.tvt.gov.jo,مؤسسة التدريب المهني,Vocational Training Corporation
www.waj.gov.jo,سلطة المياه,Water Authority of Jordan
mail.srwa.gov.jo,سلطة مياه الكرك,Water Authority of Karak
www.ysf.gov.jo,الصندوق الوطني لدعم الحركة الشبابية,Youth Support Fund
mail.ysf.gov.jo,الصندوق الوطني لدعم الحركة الشبابية,Youth Support Fund
www.zm.gov.jo,بلدية الزرقاء,Zarqa Municipality
cpanel.zm.gov.jo,بلدية الزرقاء,Zarqa Municipality
cpcalendars.zm.gov.jo,بلدية الزرقاء,Zarqa Municipality
cpcontacts.zm.gov.jo,بلدية الزرقاء,Zarqa Municipality
mail.zm.gov.jo,بلدية الزرقاء,Zarqa Municipality
www.mail.zm.gov.jo,بلدية الزرقاء,Zarqa Municipality
webdisk.zm.gov.jo,بلدية الزرقاء,Zarqa Municipality
webmail.zm.gov.jo,بلدية الزرقاء,Zarqa Municipality
